Source,Target,AdaptFrac,nRot,Block,nEval,nEvalPos,NoAdapt,NoAdapt_lo,NoAdapt_hi,TargetOnly,TargetOnly_lo,TargetOnly_hi,Source+Target,Source+Target_lo,Source+Target_hi,COT,COT_lo,COT_hi,none-HS4,none-HS4_lo,none-HS4_hi,none-HSsrc,none-HSsrc_lo,none-HSsrc_hi,none-PCA,none-PCA_lo,none-PCA_hi,QOTu-HS4,QOTu-HS4_lo,QOTu-HS4_hi,QOTu-HSsrc,QOTu-HSsrc_lo,QOTu-HSsrc_hi,QOTu-PCA,QOTu-PCA_lo,QOTu-PCA_hi,QOTc-HS4,QOTc-HS4_lo,QOTc-HS4_hi,QOTc-HSsrc,QOTc-HSsrc_lo,QOTc-HSsrc_hi,QOTc-PCA,QOTc-PCA_lo,QOTc-PCA_hi,SDM-HS4,SDM-HS4_lo,SDM-HS4_hi,SDM-HSsrc,SDM-HSsrc_lo,SDM-HSsrc_hi,SDM-PCA,SDM-PCA_lo,SDM-PCA_hi,QOTu-HS4|none-HS4,QOTu-HS4|none-HS4_lo,QOTu-HS4|none-HS4_hi,QOTu-HSsrc|none-HSsrc,QOTu-HSsrc|none-HSsrc_lo,QOTu-HSsrc|none-HSsrc_hi,QOTu-PCA|none-PCA,QOTu-PCA|none-PCA_lo,QOTu-PCA|none-PCA_hi,QOTc-HS4|none-HS4,QOTc-HS4|none-HS4_lo,QOTc-HS4|none-HS4_hi,QOTc-HSsrc|none-HSsrc,QOTc-HSsrc|none-HSsrc_lo,QOTc-HSsrc|none-HSsrc_hi,QOTc-PCA|none-PCA,QOTc-PCA|none-PCA_lo,QOTc-PCA|none-PCA_hi,SDM-HS4|none-HS4,SDM-HS4|none-HS4_lo,SDM-HS4|none-HS4_hi,SDM-HSsrc|none-HSsrc,SDM-HSsrc|none-HSsrc_lo,SDM-HSsrc|none-HSsrc_hi,SDM-PCA|none-PCA,SDM-PCA|none-PCA_lo,SDM-PCA|none-PCA_hi,QOTu-HS4|SDM-HS4,QOTu-HS4|SDM-HS4_lo,QOTu-HS4|SDM-HS4_hi,QOTu-HSsrc|SDM-HSsrc,QOTu-HSsrc|SDM-HSsrc_lo,QOTu-HSsrc|SDM-HSsrc_hi,QOTu-PCA|SDM-PCA,QOTu-PCA|SDM-PCA_lo,QOTu-PCA|SDM-PCA_hi,QOTu-HSsrc|TargetOnly,QOTu-HSsrc|TargetOnly_lo,QOTu-HSsrc|TargetOnly_hi,TargetOnly|NoAdapt,TargetOnly|NoAdapt_lo,TargetOnly|NoAdapt_hi,COT|NoAdapt,COT|NoAdapt_lo,COT|NoAdapt_hi
HTL,PTT,0.05,5,21,1136,67,0.5616537763902462,0.5396917255965986,0.5867239650926627,0.47937875463915985,0.4497969521660426,0.5097781453798834,0.549027866632931,0.5254291945805284,0.571688081271826,0.4708132966772506,0.4419481597933292,0.505202408994589,0.5413248643999556,0.5205218864178853,0.5641337871237082,0.5279563845257841,0.5053258136819301,0.552214469257562,0.5663535083556553,0.5193602831903051,0.621178237575641,0.5697149001750254,0.5229229095642692,0.6016666809492855,0.5149192314050184,0.4873764132737165,0.5459681410762746,0.5741290945834534,0.5273368510510003,0.6172374353522568,0.5017613728721273,0.47953645611018153,0.5250641511042369,0.541795304379837,0.5108595853359785,0.5682319276481997,0.46315482194913454,0.4426264723730469,0.4904843453435933,0.5204801300018129,0.4930102608457614,0.5478172805266708,0.5176759209322992,0.48918663231555914,0.5477812907397669,0.4298175330010892,0.39779730070450187,0.4721439430394511,0.02839003577506971,-0.02013139690170706,0.060603108596390266,-0.013037153120765699,-0.043734942473732705,0.02030859478295244,0.007775586227798059,-0.04660322784669134,0.04969640968352334,-0.03956349152782834,-0.061985721201433225,-0.01995902329718118,0.013838919854052945,-0.02451259543287973,0.047023582308517435,-0.1031986864065208,-0.15975982766859842,-0.051999393325176044,-0.020844734398142717,-0.04080589372427992,-0.0011445994077763783,-0.01028046359348489,-0.048886444160171315,0.02646116001964638,-0.13653597535456613,-0.1878553671249191,-0.0797438160106934,0.04923477017321243,-0.0026843694650840657,0.08761109973374229,-0.002756689527280809,-0.04049762458683603,0.03716438565464025,0.1443115615823642,0.08948692995822632,0.1852629472940411,0.03554047676585853,-0.0024726549974372625,0.0773226976598,-0.08227502175108631,-0.11531227416394423,-0.0515221967179152,-0.09084047971299558,-0.12683748985168747,-0.05141422542227044
HTL,PTT,0.5,8,21,1136,80,0.5709099881227369,0.5426970828419795,0.5912719744593931,0.6019017194482423,0.5610813286438052,0.6292661107499149,0.5714944196903089,0.5459786039336222,0.5909064240263044,0.5582908241767532,0.5194784440461906,0.590298068536794,0.5634716722615184,0.535389874967018,0.5865183909838206,0.5356206361060564,0.5120368712863188,0.5597581318193375,0.569091680009501,0.5351099189665588,0.6017201232250854,0.5365311263169604,0.5088065322504488,0.5581054228431479,0.5284006665973375,0.5019434977090743,0.5496300959559552,0.5256377618338115,0.4970827035194446,0.5485511833880479,0.6484954305447492,0.5970415558875789,0.6785326747862352,0.48327720282677555,0.4624810289313489,0.5022159069868848,0.4950588456702053,0.4610207119795963,0.5208587890500003,0.5997770677651605,0.558563949093191,0.6286822716305567,0.4657211182642563,0.43986672178717734,0.48759703004567445,0.46058962520267827,0.42118023180067077,0.4993792096015935,-0.02694054594455797,-0.04690985907773041,-0.00528837900442455,-0.007219969508718838,-0.03143404156068346,0.015394031249411449,-0.043453918175689554,-0.06844167001236368,-0.021917419595781237,0.08502375828323083,0.024634218372043343,0.12815195454493714,-0.052343433279280815,-0.08379088929962226,-0.019948264182895213,-0.07403283433929575,-0.12901810241290718,-0.026324882367906078,0.03630539550364209,-0.010177072533744835,0.07775362467544905,-0.0698995178418001,-0.10729896454932002,-0.03417931424138248,-0.10850205480682279,-0.15865235066780695,-0.05761055842870586,-0.06324594144820006,-0.10047725640177155,-0.021042423969792567,0.06267954833308126,0.034557347075906804,0.09197992719316499,0.06504813663113324,0.01730733323668842,0.10899924919275486,-0.0735010528509048,-0.10802420272267821,-0.028547196266447868,0.03099173132550548,-0.011928787408820812,0.06562456082900515,-0.012619163945983614,-0.043989807185991714,0.019699613799054612
HTL,RTT,0.05,2,30,2129,6,0.49646726330664154,0.4934004036550185,0.498702248945046,0.6746349505416863,0.5573956046368667,0.8258622143196372,0.5396647825404302,0.49646748076408714,0.604622931545304,0.6400730098916627,0.5270920178985891,0.7594163140673916,0.4975270843146491,0.49576114325741666,0.4989399458865443,0.49882242110221386,0.49787678440795596,0.4995295163275442,0.5003336473543728,0.4524573715861839,0.5879001974398154,0.7189119170984456,0.5993722946736476,0.8118288331421847,0.7220913801224682,0.6023440625930715,0.8141630126536992,0.7485672790076935,0.5662255142392202,0.9098601444498615,0.6534777830114618,0.4918115158178465,0.7429265670975445,0.5664939550949913,0.4765812578900545,0.6911570645541466,0.563550007850526,0.4747198285083266,0.6855829384387376,0.6156775003925263,0.45864070075979474,0.7080001935816121,0.6440571518291724,0.47303208209959285,0.8165703766444037,0.4679109750353273,0.33528965301694874,0.6041640774387327,0.2213848327837965,0.10055794865445493,0.31304649909290466,0.22326895902025434,0.10358857511024724,0.31505612930239774,0.24823363165332069,0.04890365096828262,0.4319414158893458,0.15595069869681266,-0.006483499432543664,0.24470613137070443,0.06767153399277748,-0.02178375941816312,0.1927097866296175,0.0632163604961532,-0.09413423982857447,0.2050850021610394,0.11815041607787724,-0.03980199423738797,0.2103587419636246,0.14523473072695858,-0.025786822461479557,0.31766819497310883,-0.0324226723190455,-0.23137353311198824,0.1292797675364365,0.10323441670591926,0.013297588216848455,0.2402586047231545,0.07803422829329576,-0.040610011539068444,0.24445455519813,0.2806563039723662,0.15803837389509706,0.45577944217157174,0.04745642958078189,-0.12249089710069119,0.14790630871141736,0.17816768723504478,0.060715420685347174,0.32873440547052846,0.14360574658502118,0.03102488017772347,0.26287142629141025
HTL,RTT,0.5,8,30,2129,47,0.5530366475691529,0.5119996774946003,0.5659982247124115,0.6745786725585331,0.5935718316925572,0.7292953934825401,0.6167879728476406,0.5606405233114145,0.6478469839344603,0.5745661990143168,0.5163509347307477,0.6211561664670092,0.567982656189276,0.5226106878991152,0.5908090424916747,0.569973827167539,0.5243827994303537,0.592629423472177,0.548685310965301,0.5022142649581713,0.5803086686372525,0.8053584886597737,0.744866086073929,0.8520427596572369,0.8101155078277024,0.7497572461518824,0.8566692229911922,0.7359510703738948,0.6613684162687415,0.7892542274740222,0.6577643618557418,0.5764123442552446,0.7091299914052432,0.6769576336554225,0.5945014170497369,0.7279411465067118,0.6031984939295476,0.5480411813555813,0.639810535460216,0.6736453405384395,0.6147822834491611,0.713609616087783,0.6917667269446551,0.6097575318510561,0.7470074567404112,0.508976744646586,0.45565183418345667,0.5455013345488526,0.23737583247049765,0.18996284324428403,0.2962818095076286,0.2401416806601634,0.19282164164205456,0.298941333443517,0.1872657594085938,0.11933186497873499,0.255065325343448,0.08978170566646582,0.02406192716653084,0.15153967268706214,0.10698380648788353,0.0376593152597393,0.17017062375115508,0.054513182964246565,-0.004856316760821455,0.1104038133628946,0.10566268434916348,0.06026463446313228,0.15552056582516305,0.12179289977711616,0.05619763865191864,0.18590730187273746,-0.039708566318715,-0.10002923465265091,0.023398263899239876,0.13171314812133417,0.08464628816490247,0.19532403613582186,0.11834878088304723,0.0743325198038292,0.19492048164313946,0.2269743257273088,0.16683945948797513,0.2898564900606757,0.13553683526916926,0.09106460107043854,0.21005739517269803,0.12154202498938016,0.054985323129887055,0.1864825290711109,0.021529551445163886,-0.02856378319276335,0.07896996062484227
HTL,WRM,0.05,2,14,508,32,0.5585885912172677,0.5070187757220176,0.5910130916502585,0.540065406793348,0.42168932195370057,0.6084433062927112,0.5513120839407604,0.4995105804513993,0.5837008928534464,0.5852487961862962,0.4470434348710833,0.660910694815296,0.5251843482542011,0.49741563841135605,0.5651571939582748,0.5257095583382347,0.4974218850441767,0.5654225222675625,0.5262293088579854,0.4932846135900541,0.5737586747689404,0.5914073262418851,0.5021151974142423,0.6375338468657089,0.6207386129261129,0.516306082004589,0.669920767089735,0.5799014107837637,0.4790428113775815,0.6473654248546293,0.5530516780516781,0.4874993475991649,0.5886753628291961,0.5606939356939358,0.46758741340373783,0.6165563580365057,0.4617420375692435,0.3999541160065268,0.5255634235406642,0.5564600840336135,0.46826368700774795,0.6094346427396139,0.5830866115792587,0.4755263902323193,0.6486485684278142,0.5107648453236688,0.43989595132136355,0.5585880967697708,0.06622297798768395,-0.030858339190398505,0.11122350360101575,0.09502905458787814,-0.020127751853266138,0.1475725160980077,0.053672101925778315,-0.043277045234143795,0.11321335506866988,0.02786732979747697,-0.054184026018743045,0.06517074995419807,0.034984377355701035,-0.06302459768173684,0.08066454311448167,-0.06448727128874188,-0.1458460872623512,0.010792397253756358,0.03127573577941234,-0.05933621696798388,0.0888997066915796,0.057377053241023934,-0.05246898208452138,0.11517203909822443,-0.01546446353431652,-0.10034038537856328,0.031457877718800896,0.03494724220827161,-0.07939375445416223,0.09892925226069119,0.0376520013468542,-0.03971695139898222,0.09786474137723672,0.06913656546009483,-0.030521416663679347,0.16829861823053432,0.08067320613276485,0.0008864309826137496,0.16165029650552468,-0.018523184423919647,-0.1402249996275016,0.06289875853971141,0.026660204969028545,-0.10994666261885909,0.12097639086797746
HTL,WRM,0.5,8,14,508,32,0.5660501750503857,0.5417299517579898,0.5855383286711977,0.6186788821576912,0.5762095756002448,0.6565872926124082,0.5630809700302021,0.5372255408094891,0.588570301424866,0.6069353280982713,0.5608565371308144,0.6514159925278068,0.5652673517892357,0.5442075974838868,0.5819574658256316,0.5217029884919667,0.5084871834122271,0.5379194696327163,0.544710476015115,0.5145776831674425,0.5743368881453685,0.6181494816317917,0.5765769378260444,0.6478878680326393,0.6157770756538394,0.5756443145995236,0.6450414155916211,0.6133510819410214,0.5644571917523628,0.6446859509962816,0.5886371879725302,0.5502680288887458,0.6206045421316768,0.5968449887128182,0.5566537901524158,0.6256605492096503,0.5377983884552224,0.501317971401661,0.572006789318643,0.5572239955438123,0.5121167029706581,0.5929635073193137,0.5993798716402261,0.5542630647237183,0.6304361578187411,0.5221868459746414,0.4765978838882153,0.5654105720153713,0.052882129842556025,0.023560654917297374,0.07760728619399955,0.09407408716187271,0.04941791102408953,0.1242132642236721,0.06864060592590637,0.025544360521895796,0.09466859290715146,0.023369836183294468,-0.008741239198975348,0.05521435765046955,0.07514200022085149,0.028964346621899874,0.10653388484237482,-0.006912087559892588,-0.04856307414613303,0.030689870865379745,-0.008043356245423405,-0.050093445966277586,0.028681794767116624,0.07767688314825938,0.026368615611634845,0.11040234324981754,-0.02252363004047364,-0.07471446031178866,0.025325358410923024,0.06092548608797943,0.02317008051911448,0.0993485651925873,0.01639720401361333,-0.013828827276011294,0.05387018354516478,0.09116423596638001,0.034868336514990626,0.1338238593222276,-0.002901806503851745,-0.04241225332589729,0.031850776987466294,0.052628707107305495,0.01494282347483839,0.09277744719266064,0.04088515304788565,-0.002196659739642867,0.08687337875353195
PTT,HTL,0.05,8,10,401,82,0.5485716138062353,0.5290431148857339,0.5678082277650124,0.5180661111891725,0.49668729844560816,0.5410982560058292,0.5471023315065066,0.5277297177666298,0.566168930367578,0.488235492385669,0.4713479402391978,0.5082950920074845,0.49864168195755953,0.4675471033078557,0.5291317053889527,0.5031682603278119,0.47106391603524156,0.5323742904307164,0.5029234903687895,0.4749201277743796,0.5284326653017349,0.5479314169207317,0.5195235371384925,0.5720126961466264,0.5397811134774381,0.5090846889121166,0.5636301679816901,0.5453285350749782,0.5161750655735758,0.5688388073887132,0.519236527878375,0.49933763302227413,0.5406433115741283,0.523246379791598,0.494729026154854,0.5486594692533819,0.49862805207403565,0.4840767409244834,0.5160669819933911,0.5136336371277143,0.49308816973216735,0.5332617194023512,0.5207774464808266,0.4935707397946194,0.5431123408205856,0.47483846035525257,0.45169334993889,0.49647322816727346,0.04928973496317213,0.021817231043373637,0.07277914551776204,0.036612853149626146,0.013498005193271378,0.0551932379321853,0.04240504470618878,0.01089758962183918,0.06730471905101076,0.020594845920815508,-0.013520293635237024,0.0569963198561271,0.020078119463786126,-0.014923585223519942,0.055322411760708796,-0.004295438294753817,-0.033712946232633156,0.029417130447647155,0.014991955170154725,-0.02197244542952908,0.05334437397723129,0.017609186153014655,-0.018396174725748858,0.05152199739797686,-0.028085030013536905,-0.06494584329851864,0.008482467624120084,0.0342977797930174,-7.326813735626085e-05,0.06384919008008183,0.01900366699661149,-0.00987326645052405,0.045849994337061765,0.07049007471972568,0.03339894197422095,0.1009097990191525,0.021715002288265617,-0.018876490080226155,0.05245502710390752,-0.030505502617062863,-0.05856525856483278,-0.0006207189649344439,-0.060336121420566324,-0.08343256834986117,-0.03356555128033357
PTT,HTL,0.5,8,10,401,82,0.5485716138062353,0.5290431148857339,0.5678082277650124,0.5649527147038791,0.537065457557896,0.591577406638263,0.5382406429601625,0.51872747344188,0.5563415766866403,0.4921221190588895,0.468648541902258,0.5192981726817926,0.4895211696344392,0.4572520084090912,0.5183428805468847,0.5031682603278119,0.47106391603524156,0.5323742904307164,0.5028111530414022,0.47574725568268605,0.5317627529527771,0.5224460663632531,0.4962418124985676,0.5495756762461473,0.5218442526346746,0.49322831489443963,0.548439061082452,0.533959814134915,0.5095575338757803,0.5604951477384306,0.5810328743394909,0.5540977895727287,0.6053930662220364,0.5621567243899981,0.537108907903944,0.586045146888524,0.5439792497407285,0.518251874245332,0.5695882389313008,0.5596147975683755,0.5360531109880252,0.5835379155812201,0.551311897622439,0.5263322512839461,0.5772061575952039,0.5307825429139622,0.5180057232717171,0.5417928942519135,0.03292489672881388,0.01199047186015923,0.05647975482589164,0.018675992306862677,0.0009120635337645733,0.037057281656539605,0.031148661093512775,0.005350698237067542,0.055988429594742636,0.09151170470505171,0.056748084820625586,0.1308666194556608,0.05898846406218616,0.026238158414364297,0.09369462521372378,0.041168096699326306,0.005455777051301763,0.07211327892336093,0.07009362793393631,0.03126427813009124,0.11371240728145258,0.04814363729462712,0.009489327538884509,0.09231156332250158,0.027971389872559982,-0.002816693892465058,0.0550278599541286,-0.03716873120512243,-0.07212904894535349,-0.0025478168613561375,-0.02946764498776444,-0.06576041134623194,0.0038078585761166764,0.003177271220952793,-0.02107645002062554,0.0331343688556516,-0.04310846206920449,-0.08090560108089445,-0.0068053252873887015,0.016381100897643774,-0.01126286021561873,0.04259003277437218,-0.05644949474734584,-0.08668441831689255,-0.023272953879054134
PTT,RTT,0.05,2,30,2129,6,0.44747998115873766,0.4256756169975664,0.46449608111374735,0.6746349505416863,0.5573956046368667,0.8258622143196372,0.5296357355942849,0.44058267809353896,0.7005216662980982,0.7323559428481707,0.6635614301299471,0.7929532236623462,0.45548751766368345,0.43480022045975625,0.4713848044150622,0.46137541215261424,0.442447561532619,0.475971584197482,0.4892644057151829,0.4324859860933937,0.5557365591410035,0.6540273198304286,0.4875109020040639,0.7707927776883692,0.7398335688491129,0.5468241766330119,0.8722114016773514,0.6781480609200816,0.49353949979227496,0.8310632043035243,0.6581880986026063,0.495217251779973,0.7457659956596696,0.476075522059978,0.42088936761096496,0.5384649978591369,0.5560135029046946,0.4699139654652935,0.633911163679201,0.6279243209295022,0.47042941705848795,0.7182617771509169,0.4884401004867326,0.4327024548513994,0.5529323872671198,0.588063275239441,0.40713858591650853,0.7480613957822405,0.19853980216674516,0.03478988742607586,0.31517777926171264,0.27845815669649865,0.08833600165576097,0.40853485920861055,0.1888836552048987,0.026064063766755276,0.3404888395982482,0.20270058093892285,0.043679021945704014,0.29848709078073826,0.014700109907363756,-0.038076745822045746,0.08103174077529757,0.06674909718951172,-0.03979260076529627,0.16703278005473082,0.17243680326581878,0.015964836547416813,0.2662537836902947,0.027064688334118348,-0.025210382748713723,0.09486107150247369,0.09879886952425809,-0.06490495656743588,0.256460831480693,0.026102998900926377,-0.16870288257857624,0.19891413340971176,0.2513934683623803,0.07740624988454993,0.3921467722959545,0.0900847856806406,-0.02666169414078905,0.19790105078364673,0.06519861830742657,-0.23318980654397006,0.2524388071381659,0.22715496938294866,0.10923881325260722,0.378460528342882,0.2848759616894331,0.2186688242263707,0.3437740713949765
PTT,RTT,0.5,8,30,2129,47,0.4633465627826733,0.44969618862859717,0.47439304946520033,0.6745786725585331,0.5935718316925572,0.7292953934825401,0.5855779998431845,0.5316548378406253,0.6184531903508285,0.5161071915896054,0.459045662893442,0.5600282147330398,0.48833528135580606,0.4622480065124283,0.5091375873647884,0.5096686403765505,0.4754270573354715,0.5343827106567363,0.4833876952549085,0.45928421799493846,0.5009765932025334,0.5844901430784898,0.5208895379819801,0.6435501246011806,0.715329406956073,0.6377091524734343,0.7681317112259902,0.5869163527965906,0.522754986199632,0.6509584229581362,0.7163343755539088,0.6382985017310078,0.7735397153628998,0.6668864815168206,0.5956523053252831,0.7224849781767888,0.617385836406438,0.5574575605931801,0.6571640923935564,0.7054284504636008,0.6535548492498648,0.76026807815106,0.633411625783256,0.5592455380984517,0.6833345316172247,0.4938381522670696,0.436590889258521,0.5303870561145169,0.09615486172268373,0.04568611349267795,0.15087513338864597,0.2056607665795226,0.13582727047192567,0.25982288251207963,0.10352865754168211,0.05015322659931037,0.16639481285208374,0.22799909419810271,0.14415799163675608,0.2963971428304527,0.15721784114027015,0.09180424237733659,0.2196920399677181,0.13399814115152947,0.07375428506529388,0.18358373307728681,0.21709316910779475,0.15969463202343634,0.28569427453697477,0.12374298540670559,0.054115050727238594,0.18252472938938044,0.01045045701216113,-0.04623854694896549,0.056144099236141685,-0.12093830738511102,-0.2273204414953517,-0.0206035045106397,0.081917781172817,0.03586326051518729,0.1248715335589171,0.09307820052952098,0.02358617906458358,0.17484979534269435,0.040750734397539956,-0.034699717074699106,0.12309678712956056,0.21123210977585982,0.13130588305190224,0.27075715342146556,0.05276062880693211,-0.004555252901909268,0.09887965489092199
PTT,WRM,0.05,2,14,508,32,0.5929414183090654,0.5137182820926222,0.6736179100959694,0.540065406793348,0.42168932195370057,0.6084433062927112,0.5987187292334352,0.5202520998501984,0.6798340982125836,0.5705429138333551,0.43332127183504826,0.6457410441207795,0.6035982047011459,0.5443114671245372,0.7022601165364495,0.5870839528927765,0.5064975328854964,0.7060868672290591,0.5899300844153785,0.5073081563757933,0.672933014891163,0.5783029666301724,0.5176801699365973,0.679664644395784,0.586229520972168,0.5203071543968136,0.6718926586048782,0.5195321978410214,0.4609337091367225,0.6237570938966515,0.5379572112108877,0.48023412497333773,0.5751846246346596,0.6139963796213797,0.5488450289923702,0.7009830930254287,0.506789104675134,0.48042534502413364,0.5336382178495166,0.5330225840336135,0.4588741242126504,0.6153112438524446,0.5877726769270887,0.5372017529863287,0.6802287197007245,0.554080972739061,0.4599247652705837,0.6187355895543687,-0.025295238070973447,-0.08616856079693376,0.019354085062724326,-0.0008544319206085227,-0.08055393690658975,0.06026829529808178,-0.07039788657435708,-0.15038110605118168,0.06634782342897519,-0.0656409934902582,-0.2008301971015514,0.012646236491320814,0.026912426728603167,-0.0375252098039819,0.07494858919736987,-0.08314097974024448,-0.16979312263612092,-0.0026715209737299024,-0.07057562066753242,-0.17031842328823804,-0.013080280261388643,0.0006887240343121936,-0.05859023387201797,0.06592843331598906,-0.03584911167631755,-0.16642207378872673,0.06319034007032176,0.04528038259655898,-0.022812308745633933,0.14905429119184102,-0.0015431559549207163,-0.07426691258039791,0.03938979634817546,-0.034548774898039536,-0.12856692763499458,0.12303836693112448,0.04616411417881994,-0.06275715002038439,0.2229414043471022,-0.052876011515717414,-0.2083038285915649,0.045398685271462694,-0.022398504475710346,-0.1347217193516676,0.04223871642252669
PTT,WRM,0.5,8,14,508,32,0.6133210984521619,0.5720145935914451,0.6545797519376916,0.6186788821576912,0.5762095756002448,0.6565872926124082,0.5879953519252071,0.544835154783205,0.629587423306965,0.5594364629715405,0.5107253962626924,0.5983188666147397,0.6123067918116316,0.58151736416924,0.6489526342630778,0.6295752749978702,0.5907980629441353,0.675017779026931,0.573321656362396,0.5368242088444859,0.6238258129279043,0.5999253786579081,0.5675382414482804,0.6374525591041292,0.6253499397405825,0.5861942444388517,0.6648852083404312,0.582815201783122,0.5380629241004417,0.6209523936210786,0.6033870087562052,0.5587169227232911,0.635037879764028,0.6418451622810808,0.6099409297005042,0.6797690268661136,0.5260843925954752,0.4898473906252237,0.5586687468424869,0.5162823222707502,0.4695978311140873,0.5512805150725728,0.539717632291626,0.502862706742395,0.5874661719260952,0.5264344227122197,0.47855858221820907,0.5786678143018461,-0.012381413153723542,-0.0244584780955265,-0.0023163571452865382,-0.004225335257287743,-0.02786851608479779,0.017827546881295515,0.009493545420726002,-0.044643339103161435,0.04319180449696142,-0.0089197830554264,-0.06969460658260104,0.03070785329553378,0.012269887283210545,-0.02402834307198067,0.04953856081214374,-0.04723726376692072,-0.11665421972075966,0.005677007045868535,-0.0960244695408814,-0.16296928543314187,-0.049325346004688304,-0.0898576427062443,-0.12978625265965438,-0.043304019921273765,-0.04688723365017622,-0.12830905489593303,0.021435422372387006,0.08364305638715785,0.03487165909411516,0.15121870748707358,0.08563230744895656,0.036285059016289534,0.12463055156312944,0.05638077907090222,-0.022614021180308575,0.12393078707013629,0.0066710575828913266,-0.044703731567901944,0.062118353404245125,0.0053577837055293065,-0.05613147169099324,0.06291189910821667,-0.05388463548062139,-0.12047045155188082,0.0061693604283213155
RTT,HTL,0.05,8,10,401,82,0.5934777468164593,0.5661628066942782,0.6173984190393513,0.5180661111891725,0.49668729844560816,0.5410982560058292,0.5733230342832436,0.5521257042731927,0.5935142352876636,0.49293883799245997,0.4774299828885471,0.5068265150947209,0.6045281929276286,0.5758434921681567,0.6283006980763607,0.5944320149347159,0.5685326205446033,0.615614095696053,0.5943520165602837,0.5612835943200671,0.6231710669420536,0.6077509522694915,0.5799348796594331,0.6319528783862866,0.6224864265903872,0.5941664344934863,0.6467979306059719,0.5902635988460798,0.5621717415470366,0.6166146991196412,0.5272552075820851,0.5070005860342138,0.5512482471690725,0.5630967512709875,0.5384537310109546,0.5871889567968928,0.48919076822828295,0.47445417873067186,0.5082184339709471,0.49843145910377173,0.4790357467543169,0.5206555843622422,0.5549014355336016,0.5313345961402205,0.5798149781459,0.47841686066597505,0.4572339641497468,0.5016866978063871,0.003222759341862891,-0.01630134418576442,0.022383410395882198,0.028054411655671352,0.009443072620814673,0.049607972366289214,-0.0040884177142038736,-0.02982921444001598,0.0247641727508357,-0.0772729853455435,-0.10704987558380112,-0.0421345712370524,-0.03133526366372841,-0.05787754742540322,-0.0020433447198470495,-0.10516124833200075,-0.13455299611571928,-0.06723649581601612,-0.10609673382385687,-0.13427764973487302,-0.07026185121922228,-0.03953057940111426,-0.06721552410128372,-0.006172235274841437,-0.11593515589430864,-0.1518676091076045,-0.07372563439909831,0.10931949316571976,0.07295328453830638,0.1382246795965841,0.06758499105678561,0.03787109371328179,0.09346552826336035,0.11184673818010477,0.07462620965930852,0.14559229684457428,0.10442031540121477,0.06956943456982297,0.13393356454939503,-0.07541163562728681,-0.10404381256187537,-0.04123727549797098,-0.1005389088239993,-0.12971965932086787,-0.06925288980330106
RTT,HTL,0.5,8,10,401,82,0.5934777468164593,0.5661628066942782,0.6173984190393513,0.5649527147038791,0.537065457557896,0.591577406638263,0.5594341479925903,0.5412431182995584,0.5778905639736153,0.49295780834122105,0.46639533611534517,0.5223639346461756,0.5930036104381649,0.5630937072012946,0.6187513975658533,0.5944320149347159,0.5685326205446033,0.615614095696053,0.588635781871847,0.5553654777125624,0.619910929736775,0.6131226303330671,0.5842247597229852,0.6368093339340304,0.6153169449933307,0.5855062287528179,0.638565029111417,0.6175786929288825,0.5883221115627858,0.6441908667247849,0.5802560026209944,0.553956607873317,0.6041970071934766,0.6056202020279768,0.5806657565598122,0.6313088045019039,0.5365377834984797,0.5110633552846979,0.5624246353766026,0.5410696138627494,0.5200676678655735,0.5652132962823643,0.6091571087631585,0.5842102467628132,0.6336404522761161,0.49355065130279446,0.48030668731540227,0.5061723013322682,0.02011901989490228,-0.00023756212089432737,0.04111375969636524,0.020884930058614803,-0.0008661975708445318,0.043616885728955196,0.028942911057035503,0.002795465072515774,0.05369822860497758,-0.012747607817170437,-0.03799266913855447,0.015289800100379374,0.01118818709326097,-0.005729877341506787,0.032742875621782894,-0.05209799837336726,-0.08442295489468557,-0.01798843034800525,-0.05193399657541542,-0.08144761568523101,-0.016295767429250055,0.01472509382844267,-0.0005739307426937124,0.035501724006839486,-0.09508513056905249,-0.13031020578677693,-0.059045808332437874,0.0720530164703177,0.04666702955188666,0.09220752416056706,0.006159836230172133,-0.01627956581895457,0.02322226753237807,0.12402804162608799,0.0904952585723274,0.15621432883978525,0.050364230289451584,0.029162262816924307,0.06793252590860815,-0.028525032112580173,-0.051700492053779634,-0.0032135708893033283,-0.10051993847523821,-0.1300163588127789,-0.06421478686765063
RTT,PTT,0.05,5,21,1136,67,0.4701509333814936,0.43783924250823014,0.5138166735665753,0.47937875463915985,0.4497969521660426,0.5097781453798834,0.4643345277299672,0.427130295839181,0.5087315041490605,0.4689862186901819,0.4343306076320052,0.5084050253163884,0.4939144988145405,0.44902131363169706,0.5515903317840287,0.5030433683408374,0.4580010641803598,0.5641368331329177,0.46637614797481347,0.4329468202982766,0.5128842211540547,0.5599487127399825,0.5396509671807939,0.5802418145468827,0.5566893959603367,0.5361009046392858,0.5788982526525644,0.5386660766474082,0.5164867991897222,0.5647480573718983,0.43299904107769976,0.41616858185800987,0.45397116263415244,0.5172594391730192,0.48303046686067,0.555336545862062,0.5181640406538639,0.4847034998506475,0.5500421327573772,0.4277677810772219,0.4061815217053178,0.46133988036584356,0.5056324249224377,0.47238161634145565,0.555033721424889,0.4583390654224697,0.4176628309420215,0.5024953308359725,0.06603421392544195,0.01081888789623242,0.10937285336986721,0.053646027619499326,-0.004122098591202874,0.09778608158216423,0.0722899286725947,0.03207318303262002,0.10428241035118475,-0.06091545773684076,-0.12026436217835886,-0.01334942394232355,0.014216070832181793,-0.05933267475677081,0.07203916091390285,0.05178789267905043,-0.005582957049275325,0.09957660804681727,-0.06614671773731862,-0.12110113678211644,-0.0181454898511285,0.0025890565816002464,-0.05563982683042086,0.05900925579379416,-0.008037082552343755,-0.06626376014712368,0.045204794563892294,0.13218093166276057,0.0931441928612305,0.16250263127749612,0.05105697103789908,0.002333785263134262,0.08588512293605723,0.08032701122493846,0.02833377987623783,0.12857580608407132,0.07731064132117688,0.04430828581441813,0.11291631708762886,0.009227821257666247,-0.03940852538529467,0.05041129968874577,-0.0011647146913116857,-0.05177644036747579,0.04694651267171843
RTT,PTT,0.5,8,21,1136,80,0.485361772896182,0.4522709011990168,0.5184354918046583,0.6019017194482423,0.5610813286438052,0.6292661107499149,0.5293766483192432,0.4914405731424663,0.5584247875745593,0.5292080343151754,0.49037832033525064,0.5606633796232267,0.4995655486875608,0.4621356309364615,0.5394166733473509,0.5088553480834679,0.47019348033989766,0.5522704102020691,0.4881157531517674,0.45421064691847723,0.522721534425031,0.5604768639343961,0.536278306443383,0.5763930720928495,0.5604138257129407,0.5356552602049045,0.5769097900344107,0.5707284419000762,0.5473927723150334,0.5877740166020802,0.6601165814882112,0.6072281634453716,0.691308490028639,0.6445913641101941,0.595271648305382,0.6737689648368524,0.5061558183649753,0.4780289383958357,0.5344882071316513,0.5979573442140677,0.5569086957950564,0.6272370025695878,0.5968273497067064,0.5533084680154959,0.6322997888016384,0.48228115080349543,0.44797798785292137,0.5173694475474505,0.060911315246835296,0.023517388989431207,0.09032696696302817,0.051558477629472854,0.007373336341097829,0.08445796550986756,0.0826126887483088,0.0525556339569815,0.10657649466352445,0.16055103280065036,0.0843820872297751,0.20894621238993677,0.13573601602672625,0.0650267997346091,0.1824612171140425,0.018040065213207834,-0.02265556347778713,0.05890657759851548,0.09839179552650684,0.04456685395174859,0.1396983372400353,0.08797200162323848,0.019677813303495516,0.1420430596568944,-0.005834602348271989,-0.0523054532216941,0.03984009023034679,-0.037480480279671546,-0.0753698088450021,0.005781314759123428,-0.03641352399376563,-0.0752556911125026,0.007157027958256953,0.08844729109658078,0.04657676466499307,0.12706136607016624,-0.041487893735301595,-0.073347031282293,-0.000594471827376592,0.11653994655206035,0.06198913560162203,0.15654567512163475,0.04384626141899339,-0.0011607646447112565,0.08204002064889003
RTT,WRM,0.05,2,14,508,32,0.6329541807482983,0.5256878718976271,0.6920600057299476,0.540065406793348,0.42168932195370057,0.6084433062927112,0.6195315942558589,0.516563235080992,0.6821027084408071,0.5153026329496917,0.44263633708357975,0.5803403624568111,0.6157330417440712,0.509932182324318,0.6819026410391599,0.6441289786878023,0.5429746613976326,0.7005046173898385,0.6331104860516625,0.5335157620920357,0.7015604262615495,0.5860709206297442,0.4879910123335042,0.6457605171744306,0.6592347842347843,0.5623759164821208,0.7111009048391376,0.5495768777018777,0.456764549069604,0.599966086724802,0.5509562972798268,0.4851061335753316,0.5867869922517829,0.6217331584978645,0.5380274042584701,0.6639318204132231,0.4867611733420557,0.43719822538960973,0.5525596970667368,0.517266281512605,0.45529893714431185,0.556572562884399,0.49244169832405127,0.39047144722105814,0.5454418660091431,0.503599510952452,0.40747682613390035,0.5689232660828741,-0.029662121114326978,-0.10664115710606248,0.03987303451799683,0.015105805546982043,-0.02755384325861492,0.07731512668861802,-0.08353360834978485,-0.14617862801319742,-0.03256671577313069,-0.06477674446424442,-0.12635571646372332,-0.005272430447208264,-0.0223958201899378,-0.06785528985157284,0.03159611348762474,-0.14634931270960683,-0.22458599237274307,-0.027553098082067136,-0.09846676023146617,-0.1616883102068949,-0.019327764045176776,-0.151687280363751,-0.21904478451904258,-0.08639995603319497,-0.1295109750992105,-0.2244092819218946,-0.026676448653076966,0.06880463911713919,-0.014716342998356623,0.12332735751202793,0.16679308591073305,0.0834401257025194,0.2535873857583793,0.04597736674942565,-0.044002396554735694,0.11005131005065018,0.1191693774414363,0.03883879372016977,0.21099750731324315,-0.09288877395495032,-0.20306539064100507,0.010086354200709462,-0.11765154779860665,-0.2167935292797752,0.012860656197769889
RTT,WRM,0.5,8,14,508,32,0.6112603695096768,0.564728436858865,0.6433562127680498,0.6186788821576912,0.5762095756002448,0.6565872926124082,0.6193753246663849,0.5729965564233926,0.6560860822736948,0.5537203485906728,0.5053897782817446,0.5984108290733606,0.6126348356303791,0.5693922916659346,0.6441183605920764,0.6255076589492321,0.5826032140692516,0.6565613903585075,0.6045714621543302,0.5637957788785247,0.6399769926698339,0.6194669574987356,0.575554657750268,0.6491499129967935,0.6214533319070515,0.5789324008980552,0.6498688777972832,0.6239257082568723,0.5832187462414598,0.6552600176799805,0.6138880535811772,0.5706018120930682,0.6441550103636797,0.6041993266075667,0.5631889302482889,0.6334630175935123,0.5317763660453667,0.49840225514770375,0.5642286449315416,0.5183782588130352,0.47758776863157315,0.5559477942396338,0.5602197577959329,0.516779030783938,0.5932083165606168,0.48447331673195865,0.4389219504497689,0.5177778695447754,0.006832121868356467,-0.01191719782571321,0.025981610882728497,-0.004054327042180561,-0.01977901208962828,0.013988008416200726,0.019354246102542105,-0.00025610089712177465,0.040413088174740104,0.0012532179507980246,-0.025211710653476323,0.027678852596650653,-0.021308332341665404,-0.0426626355616268,0.003860629373937713,-0.07279509610896351,-0.11005757147233543,-0.03410743838921394,-0.0942565768173439,-0.12544807219183188,-0.05772097305725962,-0.06528790115329919,-0.08921002217263495,-0.04224799554456406,-0.12009814542237157,-0.17410183239005925,-0.07209651296480785,0.10108869868570036,0.06052949148529593,0.13433532199702658,0.06123357411111863,0.03590933995985698,0.08895985401718501,0.13945239152491368,0.09470954783884077,0.18976370135943196,0.0027744497493603637,-0.03690112399812093,0.03296953948479217,0.007418512648014408,-0.02715321311324744,0.05338781177460491,-0.05754002091900401,-0.0953268131842128,-0.009956761812823602
WRM,HTL,0.05,8,10,401,82,0.5350039072144028,0.5128472739568503,0.5544771122887411,0.5180661111891725,0.49668729844560816,0.5410982560058292,0.5385727654521004,0.5189461264731868,0.5557703445666015,0.48831755516971015,0.4693542297197325,0.5055246944271753,0.5687445638774178,0.5480498424824048,0.5859868760416607,0.5745126432154236,0.5515557354336158,0.5928076418220287,0.5211652681603338,0.49809071075620787,0.540767372015806,0.6059910921756122,0.578437355303479,0.6331038036987576,0.6144095536247424,0.5874899295287422,0.6391985733417028,0.5652422087039629,0.538968072846476,0.5934692156039059,0.5278198893637749,0.5056950939983035,0.551314931081746,0.6048664908190193,0.5804716979276614,0.6275566032977669,0.4808561009413308,0.4662890186491142,0.503273263969683,0.5101426901211612,0.48994457804622604,0.5297063150166137,0.5838182314138777,0.5576875947008849,0.6079524987029945,0.47974455487682865,0.4560781114230469,0.5041649198191546,0.037246528298194415,0.015594905615392021,0.06070218060456738,0.03989691040931875,0.02233232750198983,0.058209239489900755,0.044076940543629095,0.016731251932579096,0.07586983981781002,-0.0409246745136429,-0.0660772114869843,-0.012829921309946568,0.03035384760359572,0.009793383160471297,0.05442802939372877,-0.04030916721900302,-0.06409978339110035,-0.0073957164903645815,-0.058601873756256584,-0.08290055884967781,-0.029306954476810924,0.009305588198454062,-0.01524871072158969,0.036501929163806984,-0.04142071328350516,-0.07253848862436095,-0.00608206923662837,0.095848402054451,0.06453133467781759,0.12579742095927468,0.03059132221086469,0.005082690977088233,0.05660753906838153,0.08549765382713426,0.050543580149680314,0.12080489642952655,0.09634344243556991,0.061640774230270076,0.12589879346614952,-0.01693779602523038,-0.044293227950839814,0.013431660387415965,-0.04668635204469268,-0.07437698949559991,-0.01978309967856831
WRM,HTL,0.5,8,10,401,82,0.5350039072144028,0.5128472739568503,0.5544771122887411,0.5649527147038791,0.537065457557896,0.591577406638263,0.5394193250836156,0.5165919668107638,0.5587209150597278,0.5102709991488347,0.4835463012857859,0.5385766591188059,0.5614474523872348,0.5414236688758725,0.5788014580738722,0.5745126432154236,0.5515557354336158,0.5928076418220287,0.4926526889551509,0.4692672248136121,0.5136186338799545,0.6076047934153134,0.5798610956450194,0.6332065970631234,0.6180355444135746,0.5896746209489219,0.6439711934686502,0.5881222934142052,0.5600371466176273,0.6134298460103091,0.578300566701407,0.552676670406258,0.6030610540641175,0.6061635136163018,0.578158735854201,0.6301186832440743,0.5165053352174296,0.4904966423941787,0.5440222835702433,0.5650897723848504,0.5419557636626451,0.5901096443104251,0.5962046537473262,0.5711531717629716,0.6206057005561191,0.5067347414840229,0.4822857416120026,0.5268032411690087,0.04615734102807856,0.02647356478149904,0.06665283868623038,0.04352290119815094,0.024978543808980996,0.06361161143740997,0.09546960445905428,0.06400772661628505,0.1298127658224977,0.016853114314172135,-0.0006239773586824537,0.036593323871857465,0.03165087040087822,0.014767207787236888,0.049604073083271624,0.023852646262278676,-0.005329761369983567,0.058152271214432574,0.0036423199976155507,-0.021119764186659427,0.031518226901614724,0.021692010531902617,-0.0015438716527652993,0.047888397626803046,0.014082052528871958,-0.0175913996669537,0.04346045115253586,0.04251502103046301,0.012989762369991617,0.07087363183228773,0.021830890666248326,1.9228921577480106e-05,0.04281267037320837,0.08138755193018232,0.04763522555243033,0.11750082592531512,0.05308282970969547,0.026722320859075877,0.07840863964807669,0.02994880748947626,0.005393616137409763,0.05558491093447671,-0.02473290806556816,-0.05244385767509645,0.004922652467643051
WRM,PTT,0.05,5,21,1136,67,0.5440820141676358,0.49511341826542726,0.581678684246376,0.47937875463915985,0.4497969521660426,0.5097781453798834,0.5887877015124774,0.5353264336898798,0.6267475586000774,0.4771521673441527,0.44086996171624,0.5177762891542195,0.5515849275858787,0.5052512567518258,0.5902673721467628,0.5202136385277928,0.477060793067394,0.5544624242658682,0.5624454314054341,0.5162368532845313,0.6145285146556545,0.5767279840300639,0.5360009940658348,0.6036587011290935,0.5984677300727985,0.5603260995985488,0.6282336818619004,0.5997732750481568,0.5423180990542359,0.6442986086954127,0.5090678444987128,0.4865809114858119,0.5325675031192749,0.5379451065348556,0.49778209830566367,0.5782936627700502,0.4896158889301662,0.46740503959384255,0.5133954218418961,0.5332802768705338,0.5096603744108599,0.558307770919811,0.5259634121353899,0.4849152312788843,0.5717256392204958,0.4635270620949047,0.43711666930978954,0.4990413790289643,0.02514305644418513,-0.020173558849389265,0.06578234081741824,0.07825409154500573,0.040359785491955444,0.11870343950416969,0.03732784364272268,-0.04169122424529167,0.09894423675510568,-0.04251708308716595,-0.08658675187736949,0.010242630973861234,0.017731468007062823,-0.04864284367039464,0.09294725237525187,-0.0728295424752679,-0.1266654535345839,-0.019986412216953908,-0.018304650715344928,-0.0616744679092429,0.03328356396638294,0.005749773607597097,-0.061854431415057184,0.08343184550107852,-0.09891836931052944,-0.14740267740271104,-0.04472832271388047,0.04344770715953006,-0.005344979666338714,0.07938438302687602,0.07250431793740864,0.007683123502615394,0.12789184244204826,0.13624621295325212,0.056205893714720595,0.19286014683167138,0.11908897543363867,0.07259320856612328,0.16184295409878416,-0.06470325952847594,-0.11074630244921752,-0.00953550344866095,-0.06692984682348307,-0.12341734807082616,0.004948625464317625
WRM,PTT,0.5,8,21,1136,80,0.558739838381893,0.5181080120231735,0.5884826469203835,0.6019017194482423,0.5610813286438052,0.6292661107499149,0.6715139148078815,0.6179490254630656,0.703406303414189,0.5253794485707695,0.4961204499816413,0.5595632343898893,0.5652999196482136,0.5232924501063038,0.5933546021337395,0.5255099946993191,0.4892071944189744,0.5507979034370529,0.5518595282243984,0.5135547934513346,0.5846274445607785,0.5945833252683371,0.5651278723176238,0.6136001577045389,0.5904907822393317,0.5610517662490875,0.610100326019008,0.5621085409091869,0.5337328075029979,0.5843389216677638,0.6472188551167032,0.5996674018505194,0.6761134170567844,0.5660900177962908,0.5352718736472986,0.5887256241027734,0.5007138449729864,0.4736764131067253,0.5219813384192983,0.5996426765614892,0.5583564899050993,0.6272633777777138,0.5724112790388053,0.5399675289995652,0.6045203244739155,0.4950269701171467,0.4545245288965315,0.5320735267121277,0.029283405620123548,0.0013061734624183975,0.061411449353973364,0.06498078754001257,0.03613324401718032,0.09439971337408405,0.010249012684788505,-0.028050711197453296,0.048598540832571965,0.0819189354684896,0.036880001283881615,0.11682245384247003,0.04058002309697162,0.012041046977383221,0.07299965482099394,-0.051145683251412,-0.09176765576534492,-0.009530754726695916,0.034342756913275596,-0.0010731529161688816,0.0690103989304986,0.04690128433948615,0.017907331438939817,0.08408535914552129,-0.05683255810725174,-0.10523317011166522,-0.004338233746382619,-0.005059351293152048,-0.03652381369870123,0.030889407487115546,0.018079503200526426,-0.010571214100109671,0.03801154295023861,0.06708157079204025,0.017265942068036964,0.11133739437768732,-0.011410937208910621,-0.04348827430391433,0.027433310618536214,0.04316188106634933,0.004174960631556263,0.08112432307835064,-0.03336038981112355,-0.07283434825451103,0.02472391692575
WRM,RTT,0.05,2,30,2129,6,0.7203250117757889,0.5209591139151197,0.9062969135126692,0.6746349505416863,0.5573956046368667,0.8258622143196372,0.6774807662113361,0.47204152980636965,0.8532199892851596,0.6925930287329252,0.5789195533118134,0.8089233169804546,0.7261932799497567,0.5440355382401896,0.8745247394189435,0.7577327680954624,0.5767388185921243,0.8931204152052337,0.6631143036583451,0.46065773520491266,0.8287194158133523,0.7099623174752708,0.5325967761854417,0.8695779812037538,0.7523355314806092,0.5647395186116654,0.9088154460250101,0.6998351389543099,0.5390180983448818,0.8233533325192891,0.6560684565865913,0.49467488285918343,0.7451787394167451,0.7195007065473387,0.5399623431199604,0.8784235527187604,0.5715575443554718,0.48010928861223967,0.69612828549718,0.6210943633223426,0.4652942531738486,0.7121264946064297,0.6712395980530695,0.5162747817169777,0.7875120010654041,0.5422947087454859,0.3896106864091861,0.7070642585725406,-0.016230962474485855,-0.10473015293564539,0.03307333701401925,-0.005397236614853251,-0.09742511890004761,0.04582480448744129,0.036720835295964815,-0.08954080613953663,0.24136682288152503,-0.07012482336316539,-0.18477216387252487,0.06019057496059068,-0.03823206154812375,-0.20316434534960753,0.04929004753146149,-0.09155675930287333,-0.245893569668766,0.03737288795736646,-0.10509891662741411,-0.22199103021632802,0.023121493238132285,-0.08649317004239288,-0.2111141501847025,0.02963354511590772,-0.12081959491285921,-0.3878854232302442,0.18920969099035287,0.08886795415292825,-0.004764818631333345,0.21020246412981702,0.08109593342753962,-0.004215441686901988,0.18501325603193552,0.15754043020882402,-0.042636833232926684,0.32376395012923276,0.07770058093892285,-0.19835829549507694,0.2651178878230583,-0.045690061234102575,-0.237367356019538,0.22495512029597492,-0.027731983042863728,-0.2609377722368683,0.22469375259271535
WRM,RTT,0.5,8,30,2129,47,0.7612181856764222,0.680171599607029,0.8180448803732058,0.6745786725585331,0.5935718316925572,0.7292953934825401,0.6668798602519178,0.5810038763012946,0.7193947645950652,0.541621778141487,0.483432417154106,0.5874740077191632,0.7831662541537847,0.7124054184025193,0.8333179131247292,0.7659381635006249,0.6965078238178469,0.8148441248015739,0.7866561447908751,0.7205796520859858,0.8344427329122182,0.7734850299190424,0.706020950186662,0.8253820267484835,0.7680978738355246,0.6996265939617036,0.8171834167872309,0.7316196405560791,0.6679583612868085,0.7908425444728553,0.6507526138253203,0.5923105757218057,0.6889361621613812,0.7416608195893337,0.6692713628600752,0.7899753350974777,0.690596532609219,0.6151041265541161,0.7423646225181209,0.6631752963481318,0.6033597992528724,0.7042714725321824,0.71380456888847,0.6386899585342852,0.7614299743048606,0.4735647809510116,0.4235289456993576,0.5162202962463293,-0.00968122423474227,-0.019076025705237844,0.005824191459961023,0.0021597103348997004,-0.014223487001025225,0.027241232086096454,-0.055036504234796,-0.10046994636691414,-0.007187893319868428,-0.13241364032846437,-0.18677005640086802,-0.08239774845676623,-0.024277343911291216,-0.042571776498826,-0.0021647899092055913,-0.09605961218165604,-0.1757952196893502,-0.03481363328229993,-0.11999095780565294,-0.17757758584590905,-0.0654113523713569,-0.05213359461215494,-0.07990203042923148,-0.025351938614518055,-0.31309136383986347,-0.3759303103433204,-0.24529960136533707,0.11030973357091067,0.05661539127470514,0.17092589656195342,0.054293304947054644,0.02445801357139731,0.091960712720922,0.25805485960506747,0.19580364115672044,0.32266983824034595,0.09351920127699154,0.0405610488859932,0.16808330010234926,-0.08663951311788909,-0.15442763111262045,-0.030878967406908035,-0.21959640753493515,-0.30869597349857036,-0.11996935074276906
