Source,Target,AdaptFrac,nRot,Block,nEval,nEvalPos,NoAdapt,NoAdapt_lo,NoAdapt_hi,TargetOnly,TargetOnly_lo,TargetOnly_hi,Source+Target,Source+Target_lo,Source+Target_hi,COT,COT_lo,COT_hi,none-Ang-HS4,none-Ang-HS4_lo,none-Ang-HS4_hi,none-Ang-HSsrc,none-Ang-HSsrc_lo,none-Ang-HSsrc_hi,none-Ang-PCA,none-Ang-PCA_lo,none-Ang-PCA_hi,QOTu-Ang-HS4,QOTu-Ang-HS4_lo,QOTu-Ang-HS4_hi,QOTu-Ang-HSsrc,QOTu-Ang-HSsrc_lo,QOTu-Ang-HSsrc_hi,QOTu-Ang-PCA,QOTu-Ang-PCA_lo,QOTu-Ang-PCA_hi,QOTc-Ang-HS4,QOTc-Ang-HS4_lo,QOTc-Ang-HS4_hi,QOTc-Ang-HSsrc,QOTc-Ang-HSsrc_lo,QOTc-Ang-HSsrc_hi,QOTc-Ang-PCA,QOTc-Ang-PCA_lo,QOTc-Ang-PCA_hi,SDM-Ang-HS4,SDM-Ang-HS4_lo,SDM-Ang-HS4_hi,SDM-Ang-HSsrc,SDM-Ang-HSsrc_lo,SDM-Ang-HSsrc_hi,SDM-Ang-PCA,SDM-Ang-PCA_lo,SDM-Ang-PCA_hi,QOTu-Ang-HS4|none-Ang-HS4,QOTu-Ang-HS4|none-Ang-HS4_lo,QOTu-Ang-HS4|none-Ang-HS4_hi,QOTu-Ang-HSsrc|none-Ang-HSsrc,QOTu-Ang-HSsrc|none-Ang-HSsrc_lo,QOTu-Ang-HSsrc|none-Ang-HSsrc_hi,QOTu-Ang-PCA|none-Ang-PCA,QOTu-Ang-PCA|none-Ang-PCA_lo,QOTu-Ang-PCA|none-Ang-PCA_hi,QOTc-Ang-HS4|none-Ang-HS4,QOTc-Ang-HS4|none-Ang-HS4_lo,QOTc-Ang-HS4|none-Ang-HS4_hi,QOTc-Ang-HSsrc|none-Ang-HSsrc,QOTc-Ang-HSsrc|none-Ang-HSsrc_lo,QOTc-Ang-HSsrc|none-Ang-HSsrc_hi,QOTc-Ang-PCA|none-Ang-PCA,QOTc-Ang-PCA|none-Ang-PCA_lo,QOTc-Ang-PCA|none-Ang-PCA_hi,SDM-Ang-HS4|none-Ang-HS4,SDM-Ang-HS4|none-Ang-HS4_lo,SDM-Ang-HS4|none-Ang-HS4_hi,SDM-Ang-HSsrc|none-Ang-HSsrc,SDM-Ang-HSsrc|none-Ang-HSsrc_lo,SDM-Ang-HSsrc|none-Ang-HSsrc_hi,SDM-Ang-PCA|none-Ang-PCA,SDM-Ang-PCA|none-Ang-PCA_lo,SDM-Ang-PCA|none-Ang-PCA_hi,QOTu-Ang-HS4|SDM-Ang-HS4,QOTu-Ang-HS4|SDM-Ang-HS4_lo,QOTu-Ang-HS4|SDM-Ang-HS4_hi,QOTu-Ang-HSsrc|SDM-Ang-HSsrc,QOTu-Ang-HSsrc|SDM-Ang-HSsrc_lo,QOTu-Ang-HSsrc|SDM-Ang-HSsrc_hi,QOTu-Ang-PCA|SDM-Ang-PCA,QOTu-Ang-PCA|SDM-Ang-PCA_lo,QOTu-Ang-PCA|SDM-Ang-PCA_hi,QOTu-Ang-HSsrc|TargetOnly,QOTu-Ang-HSsrc|TargetOnly_lo,QOTu-Ang-HSsrc|TargetOnly_hi,TargetOnly|NoAdapt,TargetOnly|NoAdapt_lo,TargetOnly|NoAdapt_hi,COT|NoAdapt,COT|NoAdapt_lo,COT|NoAdapt_hi
HTL,PTT,0.05,5,21,1136,67,0.5616537763902462,0.5396917255965986,0.5867239650926627,0.47937875463915985,0.4497969521660426,0.5097781453798834,0.549027866632931,0.5254291945805284,0.571688081271826,0.4708132966772506,0.4419481597933292,0.505202408994589,0.5250311096296915,0.5004590719540141,0.5516921583139327,0.5187916635604131,0.4995655400273541,0.5409208103794658,0.5126912414408354,0.49350414102033324,0.5406651960549268,0.5711733489563582,0.5420218313736618,0.5969070612539893,0.5717860500199584,0.5412831746511806,0.6009452383167927,0.5933750010568118,0.5711700914465667,0.613997898978391,0.4464796557263395,0.4228434023586823,0.4744963910805779,0.40268169854615,0.37608901077797513,0.4329207292054799,0.47991034048831605,0.44981305251354337,0.5173430505989783,0.4594203893268175,0.4348127230900373,0.48577330003755853,0.4630885919220319,0.4208009065355481,0.5027997730651653,0.4930928226075032,0.46769505933790945,0.5224605688978938,0.04614223932666672,0.016328632733625684,0.07545783825001308,0.05299438645954535,0.022621578423675782,0.08187189158111065,0.0806837596159764,0.04763290917035917,0.10649337280772915,-0.07855145390335194,-0.09973427471722675,-0.054443340943393974,-0.11610996501426307,-0.14159859535590236,-0.08716306976699731,-0.0327809009525194,-0.07769908630053858,0.00779842246935459,-0.06561072030287396,-0.08892406811103201,-0.040281110290121845,-0.055703071638381174,-0.09699442545386144,-0.01790937143402947,-0.019598418833332243,-0.059219762354871856,0.01856183600079903,0.11175295962954068,0.07331558305044615,0.14683302409988214,0.10869745809792652,0.05655616865077545,0.16215410696609533,0.10028217844930865,0.06165862095238017,0.13185384995900779,0.09240729538079856,0.05369795771851523,0.12963312970899898,-0.08227502175108631,-0.11531227416394423,-0.0515221967179152,-0.09084047971299558,-0.12683748985168747,-0.05141422542227044
HTL,PTT,0.5,8,21,1136,80,0.5709099881227369,0.5426970828419795,0.5912719744593931,0.6019017194482423,0.5610813286438052,0.6292661107499149,0.5714944196903089,0.5459786039336222,0.5909064240263044,0.5582908241767532,0.5194784440461906,0.590298068536794,0.5507868861768802,0.5282061462393716,0.5725798746459977,0.5258455955373301,0.5082436667067395,0.5440631922711363,0.5077512587351094,0.4851115356388976,0.5321230633551829,0.5614911085055941,0.5350504415304251,0.5806639596975874,0.5489706446550283,0.5229600591074463,0.568368506459688,0.60106889394125,0.566627833610688,0.6239246734685906,0.6650510834009888,0.6086518653085055,0.6963980505136312,0.6156823581210745,0.5783230055865073,0.640204639293506,0.5494188250841504,0.5011883418507178,0.5863462585577705,0.6179580096813477,0.5710545592415236,0.6448816476196911,0.5791422300953705,0.5395900912527758,0.6053829282306161,0.5285169079205596,0.48387478944637324,0.5599126960657853,0.01070422232871393,-0.003671966015202485,0.021452998615398525,0.023125049117698193,0.004399182741165355,0.03731000658763217,0.09331763520614056,0.05492333814699341,0.11767304631521935,0.11426419722410863,0.05246852839347882,0.14734038769925445,0.0898367625837444,0.05328963649070676,0.11370123574192971,0.04166756634904101,-0.01490095810055397,0.08522810977358877,0.06717112350446752,0.012912511081806318,0.10080547726402075,0.053296634558040346,0.004944311394236761,0.08960012765206953,0.020765649185450208,-0.034713236073580504,0.060523286631994334,-0.05646690117575359,-0.09188262436490717,-0.004986913898753742,-0.030171585440342152,-0.06728458087948079,0.01423744229323027,0.07255198602069035,0.03188206862828476,0.1161627763663253,-0.05293107479321402,-0.08633900016292484,-0.008468061959595779,0.03099173132550548,-0.011928787408820812,0.06562456082900515,-0.012619163945983614,-0.043989807185991714,0.019699613799054612
HTL,RTT,0.05,2,30,2129,6,0.49646726330664154,0.4934004036550185,0.498702248945046,0.6746349505416863,0.5573956046368667,0.8258622143196372,0.5396647825404302,0.49646748076408714,0.604622931545304,0.6400730098916627,0.5270920178985891,0.7594163140673916,0.49705605275553466,0.49457124941775765,0.4989394455791418,0.5753257968283875,0.4918712850111526,0.767115820036105,0.513581409954467,0.35835606776302503,0.6545073681698935,0.5956586591301617,0.46851781355337724,0.7646013668557984,0.5961296906892761,0.46824267154194826,0.7625373131729415,0.8111555974250275,0.6568963405044613,0.9065524288834905,0.5967184801381693,0.43369988105357626,0.7658342802798562,0.6475506358926049,0.49667644449478415,0.7969225012774102,0.6146176793845188,0.48079753490823096,0.7939145518597112,0.6394449678128434,0.5496980644057927,0.6994161172283279,0.6513188883655205,0.5050285083898179,0.8017070442546949,0.5774258125294395,0.4489896537354224,0.6985159381190702,0.09860260637462703,-0.028384219715802832,0.26765832109390664,0.020803893860888656,-0.07085257428177816,0.09515145963751391,0.2975741874705605,0.1097303725615606,0.4671997450756686,0.09966242738263464,-0.06381153607997089,0.2676887856276635,0.0722248390642174,-0.17635943705601154,0.17440691585159734,0.10103626943005184,-0.0985585908939848,0.4030091580034397,0.14238891505730877,0.05224246926468263,0.201903337291562,0.07599309153713307,-0.1738287331427367,0.17717128735393511,0.06384440257497248,-0.09865696302437937,0.24222666512776575,-0.04378630868268174,-0.17104278972454587,0.11263904988947107,-0.05518919767624442,-0.22211250002766947,0.15444204779212584,0.23372978489558804,0.07087833476164623,0.39967227195190036,-0.07850525985241019,-0.1936757765584271,0.00716460242447415,0.17816768723504478,0.060715420685347174,0.32873440547052846,0.14360574658502118,0.03102488017772347,0.26287142629141025
HTL,RTT,0.5,8,30,2129,47,0.5530366475691529,0.5119996774946003,0.5659982247124115,0.6745786725585331,0.5935718316925572,0.7292953934825401,0.6167879728476406,0.5606405233114145,0.6478469839344603,0.5745661990143168,0.5163509347307477,0.6211561664670092,0.6008844407010204,0.5476109000068906,0.6583791111209407,0.5948898040742294,0.5452324468452264,0.6586928122960112,0.5138675635560589,0.47704318091072295,0.5462058742471502,0.6440341827116987,0.5864662894330863,0.6921860228841871,0.641468548793435,0.5799300309115596,0.6901406231637164,0.6236326281304202,0.5670628754645047,0.6705957161564149,0.6309643263511191,0.5523514013199248,0.6933718078587667,0.5995872518789279,0.5415679215612188,0.6614348907085915,0.6226482157503069,0.5636419471458379,0.6849062154103486,0.6471681223221153,0.5738786446997904,0.7008640964627576,0.6305249428255836,0.569100200158567,0.6805439197875073,0.5828504403454764,0.5251653787090261,0.6111768776003729,0.04314974201067823,-0.0019374269502349106,0.08529288260433328,0.046578744719205534,-0.002487955320753865,0.08781825318027449,0.1097650645743613,0.04671841951330498,0.16919640694004187,0.03007988565009867,-0.0418261405568087,0.0942888786427564,0.004697447804698496,-0.03891588045960252,0.0506675694708357,0.10878065219424804,0.040161723956227594,0.18738467483874802,0.04628368162109486,-0.012473569660120573,0.09830389020813608,0.035635138751354156,-0.013757074027489923,0.0785756978939204,0.0689828767894175,0.004157986325419645,0.11239664804325006,-0.003133939610416636,-0.051855679978278224,0.05483102298625507,0.010943605967851378,0.005048356655646802,0.015588877400993361,0.0407821877849438,-0.004883478301485755,0.11208906058063738,-0.03311012376509814,-0.10112201420748812,0.05564720286525009,0.12154202498938016,0.054985323129887055,0.1864825290711109,0.021529551445163886,-0.02856378319276335,0.07896996062484227
HTL,WRM,0.05,2,14,508,32,0.5585885912172677,0.5070187757220176,0.5910130916502585,0.540065406793348,0.42168932195370057,0.6084433062927112,0.5513120839407604,0.4995105804513993,0.5837008928534464,0.5852487961862962,0.4470434348710833,0.660910694815296,0.5250990172865173,0.4839507269656223,0.5951689541588502,0.5163595085470085,0.47871820138946664,0.5879298170964837,0.5266801071029013,0.4326653212149021,0.5900140642027433,0.5868996369915488,0.5431679161977757,0.6264812201929881,0.5873866301256008,0.5472137753174656,0.6263816316119254,0.5315421675715792,0.4277454164186252,0.5876758063492238,0.5096731296179826,0.4695841939782561,0.5658709711212674,0.43712657591334064,0.3728343900946344,0.5013212059383233,0.48625677531927536,0.46588093627078847,0.5121972437460143,0.5018382352941176,0.47703840308623885,0.550323854695057,0.45509905206596385,0.3943369417357904,0.5412276513026609,0.48150002883458765,0.41279358517455994,0.5424081688825145,0.06180061970503148,-0.020108439580620013,0.11231459689241126,0.07102712157859226,-0.010524551522445814,0.12146734226892411,0.004862060468677987,-0.1217693010703473,0.1216962814014699,-0.015425887668534699,-0.07178442174215122,0.04330443208533782,-0.07923293263366787,-0.16576172563492342,-0.008071872651752318,-0.04042333178362589,-0.10879561986339582,0.064693545786843,-0.02326078199239967,-0.0971165650639029,0.043269115229032894,-0.06126045648104467,-0.11349543822658548,0.006371042060339005,-0.045180078268313606,-0.12950079963270095,0.07574538255519385,0.08506140169743115,0.013425563888710955,0.1313678034109343,0.13228757805963692,0.025315452984313227,0.21299500867490595,0.05004213873699159,-0.052366919506652995,0.11808715770897407,0.04732122333225275,-0.028304241956713896,0.17363657122331683,-0.018523184423919647,-0.1402249996275016,0.06289875853971141,0.026660204969028545,-0.10994666261885909,0.12097639086797746
HTL,WRM,0.5,8,14,508,32,0.5660501750503857,0.5417299517579898,0.5855383286711977,0.6186788821576912,0.5762095756002448,0.6565872926124082,0.5630809700302021,0.5372255408094891,0.588570301424866,0.6069353280982713,0.5608565371308144,0.6514159925278068,0.5336960883185188,0.5147541019012157,0.5564304778493291,0.506807880487077,0.48856493096790815,0.5360391175307511,0.49135207001939013,0.4439245138321023,0.5275735158805226,0.5888386453493459,0.549093707857809,0.6198369151098257,0.5655439569773176,0.5300373620734696,0.5965223478070433,0.5697642502215503,0.525239044112329,0.6069793827227651,0.5770214860125955,0.5304934285940985,0.6126298765684527,0.5286850902243299,0.4922948825773011,0.5656198078090584,0.5426629439645612,0.5067883383228043,0.5719295025861788,0.5882111536838709,0.5549736297765647,0.621620974887114,0.5637681102678955,0.5391196324055328,0.5957157733724227,0.605678339236499,0.5546318839740743,0.6343713610892003,0.055142557030827155,0.01736430433613222,0.0852660418659063,0.058736076490240596,0.015589156593153793,0.09293039928170636,0.07841218020216018,0.03623495533143689,0.12534493297919078,0.04332539769407673,-0.0017103520685449896,0.07951196632663868,0.021877209737252823,-0.019389929121946932,0.06197775705602704,0.05131087394517103,-0.000843273199552255,0.10790910462995636,0.05451506536535211,0.019042390309606482,0.08980317996816939,0.056960229780818494,0.018179918883568614,0.09423422164158873,0.11432626921710892,0.0557588310538772,0.16293157488335575,0.000627491665475044,-0.04688836859926773,0.037668173439080875,0.001775846709422102,-0.03931790601232775,0.030212151062212565,-0.03591408901494875,-0.07183352493133273,0.015145545935651848,-0.05313492518037355,-0.10064794295545931,-0.004708654290032713,0.052628707107305495,0.01494282347483839,0.09277744719266064,0.04088515304788565,-0.002196659739642867,0.08687337875353195
PTT,HTL,0.05,8,10,401,82,0.5485716138062353,0.5290431148857339,0.5678082277650124,0.5180661111891725,0.49668729844560816,0.5410982560058292,0.5471023315065066,0.5277297177666298,0.566168930367578,0.488235492385669,0.4713479402391978,0.5082950920074845,0.5063272570295491,0.475184055014217,0.5356065875564245,0.5007125519620399,0.4677757630042632,0.5295666807604948,0.4649520343648359,0.43789231011100316,0.48494703678157364,0.5539237533580522,0.523308326272764,0.5817093148813448,0.5502951927588451,0.5209599897133751,0.5786846594460089,0.5444615892672665,0.518346428080794,0.5699897729205357,0.4928113388293573,0.473179712607242,0.5147153301639028,0.531095869067333,0.5093557881472431,0.5525103818075165,0.49774957227625277,0.47576719012582086,0.5198353269773077,0.49844955536377433,0.4837899367071206,0.5149169244320061,0.5305345639434615,0.5085635873751004,0.5562941432350369,0.499688575774897,0.4775872876632108,0.524392965025392,0.04759649632850316,0.022674512509047878,0.07422270522316447,0.04958264079680519,0.030811314472112664,0.07180959486065779,0.07950955490243061,0.05132027643894056,0.11351671214960901,-0.013515918200191768,-0.05034315395138079,0.027244937371078113,0.030383317105293073,-0.0026200309604346244,0.06914145371710438,0.032797537911416874,0.003845844737822918,0.07058567342536215,-0.007877701665774728,-0.04097253954097876,0.02853718624838141,0.029822011981421648,-0.0111717189863869,0.07692952365123802,0.034736541410061106,0.006419227887147161,0.07190941135341752,0.055474197994277885,0.02044752214118461,0.08513974683708563,0.01976062881538354,-0.023164347664121787,0.05701555339272772,0.04477301349236951,0.008537943332299763,0.07893686192636054,0.032229081569672635,-0.005569508406028098,0.06761444749802471,-0.030505502617062863,-0.05856525856483278,-0.0006207189649344439,-0.060336121420566324,-0.08343256834986117,-0.03356555128033357
PTT,HTL,0.5,8,10,401,82,0.5485716138062353,0.5290431148857339,0.5678082277650124,0.5649527147038791,0.537065457557896,0.591577406638263,0.5382406429601625,0.51872747344188,0.5563415766866403,0.4921221190588895,0.468648541902258,0.5192981726817926,0.500254415560245,0.469774288215163,0.5321450331203498,0.5007125519620399,0.4677757630042632,0.5295666807604948,0.4795723265723412,0.4532419725802192,0.5027650621990207,0.5428517008878394,0.5116454828133397,0.5737924300922409,0.544188144559208,0.513392348527389,0.5748610744035999,0.49791813542457736,0.4706676006628331,0.5245206811466603,0.5368268879286441,0.5116585246451462,0.5630903898596599,0.5419660699646183,0.5244330389630828,0.5623464920915429,0.5378470872227811,0.5102929635139022,0.5618221995648713,0.5636708425796083,0.536928095908752,0.5904786864633242,0.5510113703324362,0.5300271098098235,0.5760156294221883,0.5462031458749906,0.5199865417405174,0.5703071122555807,0.042597285327594436,0.023081918127504618,0.06126699961748679,0.043475592597168156,0.02679117702909794,0.06241975824064574,0.018345808852236134,-0.011355847278143828,0.05136793162570762,0.03657247236839911,-0.007015664168570268,0.08055038778353513,0.04125351800257837,0.012530779272887777,0.07625384607119089,0.05827476065043985,0.019403547403460265,0.09866365790460412,0.06341642701936334,0.01817139200225855,0.10724158042907035,0.05029881837039629,0.012995009543557645,0.09634341969130676,0.06663081930264941,0.02997372402680699,0.10503773589727647,-0.020819141691768905,-0.06282953913462098,0.02188744113576104,-0.0068232257732281365,-0.04744678558311487,0.028708954181387473,-0.04828501045041328,-0.09034785056133413,-0.004055609645253483,-0.020764570144671035,-0.06271986181690604,0.018785305579148825,0.016381100897643774,-0.01126286021561873,0.04259003277437218,-0.05644949474734584,-0.08668441831689255,-0.023272953879054134
PTT,RTT,0.05,2,30,2129,6,0.44747998115873766,0.4256756169975664,0.46449608111374735,0.6746349505416863,0.5573956046368667,0.8258622143196372,0.5296357355942849,0.44058267809353896,0.7005216662980982,0.7323559428481707,0.6635614301299471,0.7929532236623462,0.45395666509656146,0.43109441748870947,0.4718085278911813,0.45619406500235515,0.43475940766134297,0.47278948103221674,0.4525435704192181,0.4330722019779316,0.4692861516446986,0.7879572931386403,0.6077495127574366,0.8855958252481011,0.7881928089181975,0.6079729592414035,0.8858662194378222,0.7722954937980845,0.5912869558022128,0.8690636070499178,0.6033325482807348,0.4765668429250446,0.783957641740639,0.6455291254514053,0.4805857067982077,0.7775119195515993,0.6210943633223426,0.4599113946556054,0.7083637232896399,0.6088475427853666,0.4540051574491271,0.7032823584749045,0.7776927304129377,0.64505770934673,0.8426731197837913,0.6362655047888209,0.5098398339197776,0.6904723415822868,0.3340006280420788,0.15282455054715993,0.42910665510101204,0.3319987439158424,0.15084067531717701,0.4269369034406216,0.3197519233788664,0.13636623844988568,0.41523483630194735,0.14937588318417333,0.01858211746188874,0.3289800125568395,0.18933506044905013,0.024077883076091062,0.32102892266178396,0.16855079290312447,0.00873955331733496,0.26164370723605324,0.1548908776888051,0.0018706215963320628,0.2508923802597373,0.3214986654105826,0.19373917566761106,0.3823566647903945,0.18372193436960282,0.056135812075748866,0.24296171095042535,0.1791097503532737,0.027645876682980502,0.2965798359525304,0.010500078505259802,-0.11880962393992894,0.06155413099077061,0.13602998900926355,0.006682669540624253,0.19623674877456138,0.11355785837651122,-0.19148563739742455,0.2993593814065186,0.22715496938294866,0.10923881325260722,0.378460528342882,0.2848759616894331,0.2186688242263707,0.3437740713949765
PTT,RTT,0.5,8,30,2129,47,0.4633465627826733,0.44969618862859717,0.47439304946520033,0.6745786725585331,0.5935718316925572,0.7292953934825401,0.5855779998431845,0.5316548378406253,0.6184531903508285,0.5161071915896054,0.459045662893442,0.5600282147330398,0.46347523145947395,0.45471076761695006,0.47195499730448615,0.4678525655954913,0.4565437545609708,0.47735643528223487,0.4697523223852548,0.4482722750694181,0.48789888074971194,0.6357476254750013,0.572529340482939,0.6914537891782269,0.6355268321857712,0.5710071458171988,0.6894053020733864,0.5126758119706942,0.46225058053899576,0.5628907147469993,0.6757701228544664,0.5924986010442568,0.734745035520456,0.656251553076737,0.6047484239593681,0.7110592776553287,0.5410393333141257,0.5054747165555834,0.559258464961484,0.6825193120666637,0.5994360161480834,0.7417943219074191,0.6431315863768992,0.5997599019042764,0.6853684935277212,0.5936332875156158,0.5289469330504232,0.6328787248645621,0.17227239401552735,0.10883799753859741,0.2265047155859031,0.1676742665902799,0.10602484565525608,0.22232371714065655,0.042923489585439456,-0.0032161052454936444,0.09604906771940425,0.2122948913949924,0.1278480238638017,0.2722646753356646,0.18839898748124567,0.13973132214069556,0.24273455755155562,0.07128701092887091,0.03414407053583951,0.09193337441247203,0.21904408060718977,0.1364752614447922,0.2779123956056013,0.17527902078140783,0.1346379413403366,0.21921442433433813,0.12388096513036106,0.05760821041551389,0.16940984558863464,-0.04677168659166242,-0.13949426017422623,0.06124080518985022,-0.007604754191127938,-0.08145290332474177,0.05480833650893472,-0.08095747554492161,-0.15983398815738056,0.018022711906620453,-0.03905184037276188,-0.1051038415854933,0.05461842238808893,0.21123210977585982,0.13130588305190224,0.27075715342146556,0.05276062880693211,-0.004555252901909268,0.09887965489092199
PTT,WRM,0.05,2,14,508,32,0.5929414183090654,0.5137182820926222,0.6736179100959694,0.540065406793348,0.42168932195370057,0.6084433062927112,0.5987187292334352,0.5202520998501984,0.6798340982125836,0.5705429138333551,0.43332127183504826,0.6457410441207795,0.5487081548662431,0.46919476873014204,0.6215832585079443,0.5492279053859936,0.46970226480080235,0.6219789415381368,0.5482846544427427,0.48722282580678705,0.6118238340530258,0.5527699089279972,0.46827120748435747,0.625171377991114,0.5527699089279972,0.46827120748435747,0.625171377991114,0.5054231924636337,0.4404708889941027,0.5690361241476208,0.48982405462184875,0.4705581215617545,0.5152501519088128,0.4868645916440034,0.4074447240829977,0.5685263214521852,0.49427930677930676,0.45129615965875347,0.5640660935153717,0.5018382352941176,0.47703840308623885,0.550323854695057,0.45229155707096885,0.4018971204196474,0.5305774152797508,0.49225862093509154,0.44357709580942223,0.5688893386474138,0.004061754061754019,-0.009185563114134543,0.0284324728769172,0.0035420035420035134,-0.00947418387741504,0.027750131000676182,-0.042861461979109006,-0.088378430925261,-0.013830025693039578,-0.05888410024439439,-0.12808296098707983,0.022457350635079195,-0.06236331374199022,-0.11734568881784836,0.008620095930604792,-0.0540053476634359,-0.12854117132171838,0.042198016937827404,-0.046869919572125496,-0.11467852341167532,0.03867986551707772,-0.09693634831502479,-0.1822976328355241,0.019486893756445887,-0.05602603350765112,-0.12860684889944277,0.035096360920751024,0.050931673633879515,-0.04041610632791287,0.11946817859634302,0.1004783518570283,-0.017084688893157195,0.18566202121903186,0.013164571528542113,-0.07800094425889914,0.07391056456367483,0.012704502134649132,-0.10368532226279442,0.17518469235045142,-0.052876011515717414,-0.2083038285915649,0.045398685271462694,-0.022398504475710346,-0.1347217193516676,0.04223871642252669
PTT,WRM,0.5,8,14,508,32,0.6133210984521619,0.5720145935914451,0.6545797519376916,0.6186788821576912,0.5762095756002448,0.6565872926124082,0.5879953519252071,0.544835154783205,0.629587423306965,0.5594364629715405,0.5107253962626924,0.5983188666147397,0.5550668185962411,0.5152166973497191,0.5896011944307111,0.5644837604318584,0.5248018309100146,0.597373476130076,0.5534439988257426,0.5125388995850881,0.5847244427380003,0.560893985204055,0.5216939885607872,0.5965057000462458,0.5682998505811885,0.5289225139647816,0.6027539206007682,0.5085354577342776,0.47323985602418234,0.5392484411211499,0.5923593873401671,0.5521809188733207,0.6310104478639522,0.590726340152827,0.5567943445131669,0.6242504410284849,0.5275483159176486,0.4921532499415592,0.5547895123234827,0.562628512540979,0.5219661669386325,0.5982177807423444,0.5756113898531228,0.5418768745735295,0.6125766746779091,0.5476515531449324,0.5027863660649916,0.5757718066213268,0.005827166607813905,-0.009279074310964985,0.025293399117222493,0.0038160901493300425,-0.007690849164114655,0.022454270536459462,-0.044908541091465026,-0.07137897245556979,-0.011161119567271387,0.03729256874392606,-0.007813941666926996,0.08896892202097166,0.02624257972096855,-0.00664604937794529,0.0667813716692381,-0.025895682908093964,-0.05677218136748711,0.007070219035409701,0.007561693944737935,-0.043733421301852066,0.05903169874745652,0.011127629421264329,-0.03233287444445354,0.06499750303841113,-0.005792445680810165,-0.04434865329568455,0.028847693685609924,-0.00173452733692403,-0.051839842332410735,0.050693684316695194,-0.007311539271934286,-0.0589102635909012,0.03727681017181076,-0.03911609541065486,-0.071281376588247,0.005017172948934399,-0.0503790315765027,-0.0999818021129417,-0.00016857151218782965,0.0053577837055293065,-0.05613147169099324,0.06291189910821667,-0.05388463548062139,-0.12047045155188082,0.0061693604283213155
RTT,HTL,0.05,8,10,401,82,0.5934777468164593,0.5661628066942782,0.6173984190393513,0.5180661111891725,0.49668729844560816,0.5410982560058292,0.5733230342832436,0.5521257042731927,0.5935142352876636,0.49293883799245997,0.4774299828885471,0.5068265150947209,0.5196429710816773,0.4949622046995608,0.5393644918361785,0.5701133934220629,0.53947242270433,0.5941985544860944,0.5397477449557557,0.5123958021426095,0.5664601401892204,0.5608036349813077,0.5344543324640421,0.5873360437089702,0.5889337641894336,0.5620601300413237,0.6129466169855193,0.5816845313703499,0.55478417128698,0.605577112240784,0.5155020868543262,0.4876981326034975,0.5418624269697948,0.5486756180350486,0.5253871223910737,0.571130670272403,0.5050202131241069,0.4843015243410797,0.5266311907693355,0.49358463557921617,0.4786000832368017,0.5086703571722222,0.5210367911645131,0.5008703072963651,0.543578601241777,0.48877154040591475,0.46555911214488105,0.5137908746517175,0.041160663899630356,0.015310307632391915,0.07179815622103962,0.018820370767370642,-0.0032952124583828873,0.04503920272347152,0.041936786414594196,0.014090962167979828,0.06963218842250662,-0.004140884227351149,-0.03444925435935271,0.03115189508067119,-0.021437775387014302,-0.05516529982086335,0.017269070556941785,-0.034727531831648784,-0.06291616361124239,-0.0024378407276619577,-0.026058335502461172,-0.04964951228352354,0.0027762044914538546,-0.04907660225754984,-0.07777641580540662,-0.010733903753660548,-0.050976204549840975,-0.08373398469431849,-0.014738092987028831,0.06721899940209153,0.03768402893045146,0.09632842692667798,0.06789697302492048,0.03625452933456577,0.09334939481459885,0.09291299096443517,0.05751805003772505,0.1218311341595122,0.0708676530002611,0.03754278330671304,0.10014627983360724,-0.07541163562728681,-0.10404381256187537,-0.04123727549797098,-0.1005389088239993,-0.12971965932086787,-0.06925288980330106
RTT,HTL,0.5,8,10,401,82,0.5934777468164593,0.5661628066942782,0.6173984190393513,0.5649527147038791,0.537065457557896,0.591577406638263,0.5594341479925903,0.5412431182995584,0.5778905639736153,0.49295780834122105,0.46639533611534517,0.5223639346461756,0.516055224043343,0.49424623964826475,0.5342804924913885,0.5701133934220629,0.53947242270433,0.5941985544860944,0.5249231617871342,0.4959333327808441,0.5575167320629162,0.5716604456546728,0.545200840838112,0.5981555753360452,0.5692584688094736,0.5436208611798526,0.5923183285400492,0.5804731019958975,0.5523705344826858,0.6077636648688186,0.5429683386394822,0.5200454508619625,0.5688573837443804,0.5463558005782202,0.5294737991213646,0.5644807189100849,0.5317345906969345,0.5051189254101596,0.5624730420623609,0.559638964919646,0.5336323503414844,0.588659821170715,0.572914772381303,0.5488755296381302,0.5947025775401286,0.5188585583250727,0.4930256002721957,0.5458847729033562,0.05560522161132975,0.03078482763602084,0.08218956675857715,-0.0008549246125892918,-0.027260224204067932,0.030628482020341293,0.05554994020876336,0.018937580772548188,0.08798264662708614,0.02691311459613921,0.0022235121516010906,0.0577156957912578,-0.023757592843842712,-0.04968596796059847,0.010031226836889404,0.006811428909800354,-0.02448077993559835,0.04394290483983991,0.04358374087630301,0.016496991526006886,0.07739993338956107,0.0028013789592400418,-0.028988720501674184,0.036350663030425515,-0.006064603462061502,-0.04200923333286833,0.02957133723188626,0.012021480735026735,-0.016827762109377146,0.034718499579201804,-0.0036563035718293335,-0.017796822901919383,0.012572067999469402,0.06161454367082486,0.028946882430748316,0.09308070838125469,0.004305754105594528,-0.020090650320937268,0.02710567801870686,-0.028525032112580173,-0.051700492053779634,-0.0032135708893033283,-0.10051993847523821,-0.1300163588127789,-0.06421478686765063
RTT,PTT,0.05,5,21,1136,67,0.4701509333814936,0.43783924250823014,0.5138166735665753,0.47937875463915985,0.4497969521660426,0.5097781453798834,0.4643345277299672,0.427130295839181,0.5087315041490605,0.4689862186901819,0.4343306076320052,0.5084050253163884,0.41926686565901256,0.38647316386933844,0.4669535936473757,0.44277964064342934,0.4093507071361992,0.4856103775116774,0.375146184772513,0.3381256836176033,0.4176061808076274,0.513886656872155,0.49171586012793644,0.5358578008629171,0.49379357503502314,0.4705699998629081,0.5179445886682998,0.4366139371868766,0.4128238627816636,0.4760354600818759,0.5298572042933685,0.5093000045493223,0.5499933354381897,0.50146768615273,0.4649220243935662,0.5380259840883717,0.525391434901277,0.48791489614196093,0.5652620007728284,0.46782258806928584,0.4545087613985326,0.48476174748782375,0.440360815701478,0.41041436355250255,0.48126437145744105,0.4523055594883057,0.42796804441372766,0.4850013112699674,0.0946197912131424,0.05336674835135709,0.12261877653672028,0.051013934391593796,0.014809433286506399,0.07978132859902637,0.061467752414363586,0.023959337360711857,0.10838251991973283,0.11059033863435591,0.059425183737798704,0.14915513628563296,0.058688045509300624,-0.0027834025946092415,0.11046682209424631,0.15024525012876405,0.09307542487104764,0.20034945246094615,0.04855572241027328,0.002611869816602887,0.08451865100749159,-0.0024188249419513363,-0.06000727586119181,0.059466462563112964,0.0771593747157927,0.03343458846643254,0.12354434932644366,0.04606406880286912,0.017135050098345615,0.07175340840148997,0.05343275933354513,0.00442773731770175,0.09118235468152575,-0.01569162230142912,-0.0406272474088696,0.018681426866499196,0.014414820395863281,-0.018313039930667716,0.04731141612157878,0.009227821257666247,-0.03940852538529467,0.05041129968874577,-0.0011647146913116857,-0.05177644036747579,0.04694651267171843
RTT,PTT,0.5,8,21,1136,80,0.485361772896182,0.4522709011990168,0.5184354918046583,0.6019017194482423,0.5610813286438052,0.6292661107499149,0.5293766483192432,0.4914405731424663,0.5584247875745593,0.5292080343151754,0.49037832033525064,0.5606633796232267,0.4309791630075246,0.4013378532571557,0.4663824283574345,0.45665311915505646,0.4227903131579124,0.48979939212964474,0.3722352965120842,0.34367985793620637,0.4063320849184656,0.5273277841337077,0.5045815240413211,0.5490293780932226,0.5317458869171514,0.5069596357318473,0.5503514008253287,0.5065604276101892,0.4790114934548115,0.5276472721985794,0.6742561159825524,0.6161349281822368,0.7076949881428645,0.6269484089870855,0.5719312899574306,0.6591184842858885,0.4956594510321397,0.45919570129702253,0.5282623093349307,0.6447401602479845,0.5977198685520334,0.6726179947675911,0.620441499670483,0.5669217931274837,0.6595861549937527,0.5405568804819086,0.5030451866254668,0.5727799701837114,0.09634862112618314,0.0650898915556708,0.12085301593554715,0.07509276776209495,0.0495361369810635,0.09634031242268626,0.13432513109810496,0.09772296329297812,0.15766510639910952,0.24327695297502783,0.16551339135992618,0.28830331938732207,0.17029528983202902,0.10110736544601351,0.2144202914537676,0.1234241545200555,0.06629363418012958,0.17111699095948238,0.21376099724045994,0.1444968934217702,0.2603327789970213,0.16378838051542655,0.09085057421768515,0.22329354678876095,0.16832158396982444,0.1142756836454567,0.21002566526047467,-0.1174123761142768,-0.1534814104490807,-0.06363067963817372,-0.0886956127533316,-0.14007287689801698,-0.03006246334814819,-0.033996452871719485,-0.0750674092421425,0.005691426641220746,-0.07015583253109092,-0.10385964112004846,-0.027654332803906896,0.11653994655206035,0.06198913560162203,0.15654567512163475,0.04384626141899339,-0.0011607646447112565,0.08204002064889003
RTT,WRM,0.05,2,14,508,32,0.6329541807482983,0.5256878718976271,0.6920600057299476,0.540065406793348,0.42168932195370057,0.6084433062927112,0.6195315942558589,0.516563235080992,0.6821027084408071,0.5153026329496917,0.44263633708357975,0.5803403624568111,0.561835282883077,0.4729219390827241,0.6285987200213562,0.5976817001633178,0.48597195278056565,0.6788294016410618,0.6318572430704783,0.5315446950053107,0.7116017235748101,0.5745131342557813,0.47814460962975747,0.6427375454496376,0.5768231365657837,0.4837513474444219,0.6393204136853711,0.5261303744759627,0.4502630682236379,0.6168591757113249,0.45790654706095885,0.39484254307302713,0.49178637120042107,0.5051484398910869,0.4390371893906734,0.6011215721604392,0.48356521012771014,0.46421188192983814,0.5084695939816494,0.4929753151260504,0.4745470655075391,0.518091731743284,0.4018446876902759,0.3274116883976241,0.5147263253364379,0.5595542870359047,0.44976332234057514,0.6240552599744973,0.012677851372704274,-0.04754068642425122,0.08804729666446406,-0.02085856359753413,-0.06326002443151113,0.022300567135892468,-0.10572686859451563,-0.2362546156171425,0.05892546728439876,-0.1039287358221182,-0.19706330360019614,-0.010736088380143905,-0.09253326027223086,-0.22181972163720484,0.09276767020154741,-0.14829203294276816,-0.2337479988711538,-0.039681999041783905,-0.06885996775702663,-0.13740965609267475,0.029369147130487203,-0.19583701247304186,-0.3414342744636321,0.007405779176424555,-0.0723029560345736,-0.22486654335633866,0.04836219085335714,0.0815378191297309,-0.018554288576351403,0.15009601799200087,0.17497844887550773,-0.007678017308294693,0.29748082313016216,-0.03342391255994204,-0.12655271355587108,0.11741596919409258,0.03675772977243563,-0.07626919726556905,0.16320972253763535,-0.09288877395495032,-0.20306539064100507,0.010086354200709462,-0.11765154779860665,-0.2167935292797752,0.012860656197769889
RTT,WRM,0.5,8,14,508,32,0.6112603695096768,0.564728436858865,0.6433562127680498,0.6186788821576912,0.5762095756002448,0.6565872926124082,0.6193753246663849,0.5729965564233926,0.6560860822736948,0.5537203485906728,0.5053897782817446,0.5984108290733606,0.5594323423136666,0.5214448484985383,0.5890627509070563,0.5614518648462605,0.5170432058147887,0.5940597361711367,0.5095066690875046,0.46722859634827035,0.5494508639505403,0.5628056660129978,0.5267119708092679,0.5947651809558367,0.5620945935745025,0.523466028523493,0.5923493836027488,0.5610567246812511,0.5242164057243445,0.5968422612045315,0.581971813423684,0.5353847769817964,0.6206013405692409,0.6186573761730675,0.5732197194451828,0.6656008274446223,0.5210912692698013,0.4964117939399182,0.5513384901474729,0.5839784123053791,0.541385838989854,0.6239383347220293,0.6308275016162604,0.5906962705565635,0.6720340675931109,0.5428105143385867,0.49410399387572185,0.5716765064987469,0.0033733236993311877,-0.014231838233761947,0.02625224310346408,0.0006427287282420036,-0.010459685509620491,0.014699910881988148,0.05155005559374648,0.015190624741735917,0.08832005246710839,0.022539471110017417,-0.015333005515632468,0.06261929008969973,0.05720551132680696,0.017306588950327204,0.11159191947932477,0.011584600182296678,-0.036748257284807365,0.06485374244655909,0.024546069991712494,-0.009923706999258075,0.065665728717122,0.06937563676999992,0.03374346277226109,0.12188240170440742,0.0333038452510821,-0.033899068552688434,0.0832455603603848,-0.021172746292381306,-0.061552214882098215,0.015236196655245277,-0.06873290804175791,-0.11723463753050303,-0.03314798564810061,0.018246210342664382,-0.019506714973254746,0.07644224450071932,-0.05658428858318865,-0.10508660395420306,-0.016391627106253408,0.007418512648014408,-0.02715321311324744,0.05338781177460491,-0.05754002091900401,-0.0953268131842128,-0.009956761812823602
WRM,HTL,0.05,8,10,401,82,0.5350039072144028,0.5128472739568503,0.5544771122887411,0.5180661111891725,0.49668729844560816,0.5410982560058292,0.5385727654521004,0.5189461264731868,0.5557703445666015,0.48831755516971015,0.4693542297197325,0.5055246944271753,0.5519747184714199,0.5243741635359515,0.575594105531962,0.5289087865522224,0.515981017995031,0.5432686831867546,0.5056683407931772,0.48632282214413247,0.5236244041462084,0.5723110598334924,0.5431276055610412,0.5983435752539867,0.570518208837773,0.5410446155741767,0.5982270969245871,0.510336333019875,0.4872973068701426,0.5324912874626953,0.49262464611622636,0.4706033960952344,0.517950000484156,0.5512815273370272,0.5298827189589168,0.5755738259339425,0.5150288191155482,0.49061113512838006,0.5381139073208705,0.4915427382755969,0.4737407138570771,0.5123470010543159,0.540133252073906,0.5151244076682677,0.5686141201199183,0.4983670301019002,0.47561596573123444,0.5221847747588974,0.02033634136207252,-0.0024405012478388886,0.043657970384546496,0.041609422285550646,0.013247342589897935,0.06689740797898938,0.004667992226697781,-0.02048255042797259,0.03298308719466942,-0.05935007235519352,-0.08975523087858484,-0.021361203426974326,0.02237274078480478,0.0009270886753220798,0.046233814377153196,0.009360478322370969,-0.021483351856765236,0.0396268285819435,-0.060431980195822965,-0.08820366117330271,-0.024327622706094884,0.011224465521683546,-0.016118675158151963,0.040093047096885555,-0.007301310691277041,-0.03601048995229229,0.02357519542029201,0.08076832155789548,0.04287935577489582,0.11129649197460395,0.0303849567638671,-0.006088070162706951,0.06121012776419421,0.011969302917974822,-0.02281766725208722,0.04545445606044842,0.05245209764860059,0.014353998003111615,0.08760081464153532,-0.01693779602523038,-0.044293227950839814,0.013431660387415965,-0.04668635204469268,-0.07437698949559991,-0.01978309967856831
WRM,HTL,0.5,8,10,401,82,0.5350039072144028,0.5128472739568503,0.5544771122887411,0.5649527147038791,0.537065457557896,0.591577406638263,0.5394193250836156,0.5165919668107638,0.5587209150597278,0.5102709991488347,0.4835463012857859,0.5385766591188059,0.5353952723928018,0.510011508960424,0.5573402388450622,0.5289087865522224,0.515981017995031,0.5432686831867546,0.5604134040594001,0.5304244045887829,0.5875502246749765,0.5922519836766486,0.5624103347147444,0.6180689739471513,0.5733241387790323,0.5435538091715775,0.6002764091460914,0.542805172523239,0.5185641514637432,0.5719455154110334,0.5617743912668102,0.538070477864155,0.5838085599384014,0.5446102043528162,0.5280477385469695,0.5638489716284271,0.5455090766523045,0.5181351908765969,0.5716209386262351,0.585686632986228,0.5620490712996256,0.6130124004800852,0.5634029645777151,0.5387525092346617,0.5891413522269492,0.5411139526362113,0.5162295682024812,0.565406670118875,0.05685671128384673,0.03522381681848272,0.07509030076371861,0.04441535222680992,0.016096559277835265,0.06867339934839975,-0.01760823153616109,-0.041992683069601584,0.015283940454001813,0.026379118874008345,0.0011385355735820447,0.05090065164408822,0.015701417800593753,0.001920245032584983,0.031231764506975016,-0.014904327407095574,-0.04795193395459025,0.019676031974126592,0.050291360593426204,0.023263098420896685,0.08275600741225854,0.034494178025492706,0.010048434022909154,0.05985744995622201,-0.019299451423188785,-0.050316053192498045,0.013780952155080775,0.006565350690420524,-0.028661860421663448,0.03358493548323097,0.009921174201317218,-0.01846266546010971,0.03258323331069258,0.001691219887027695,-0.02959140431851831,0.039150688019525245,0.008371424075153233,-0.02468452662694042,0.03773722786279942,0.02994880748947626,0.005393616137409763,0.05558491093447671,-0.02473290806556816,-0.05244385767509645,0.004922652467643051
WRM,PTT,0.05,5,21,1136,67,0.5440820141676358,0.49511341826542726,0.581678684246376,0.47937875463915985,0.4497969521660426,0.5097781453798834,0.5887877015124774,0.5353264336898798,0.6267475586000774,0.4771521673441527,0.44086996171624,0.5177762891542195,0.5973645874491785,0.5524097892542692,0.630823748010633,0.5933540591345811,0.5461408845807835,0.6252403604822212,0.4735835416894208,0.4294359681810348,0.541969427340527,0.6221300500047875,0.5584586257091354,0.6633426470845121,0.6034479815239988,0.5446457362094411,0.6422354557352047,0.5254524845257725,0.4987743941736232,0.5570199243761291,0.4805698118087555,0.47041401015269224,0.49268978182465084,0.5674246538380987,0.5106188337877466,0.6093052615792217,0.5075646259438409,0.47805730710364747,0.5336301780176973,0.4854878824132657,0.4768839526857093,0.49583917186988863,0.5043935828463967,0.45887454059792304,0.5392369109686298,0.4694213083754855,0.4502655723154151,0.4932959515175589,0.024765462555608964,-0.02284874923718722,0.060905346165641146,0.010093922389417753,-0.03480349916611518,0.0470769345636024,0.05186894283635174,-0.009975247118582713,0.09199097910379776,-0.11679477564042301,-0.1518676779675376,-0.06844001289033622,-0.025929405296482355,-0.07437864257124693,0.01945951635751202,0.03398108425442009,-0.04722222970705199,0.09028412016024735,-0.11187670503591285,-0.14772002935727618,-0.06454934071728734,-0.08896047628818438,-0.13363776859032955,-0.03652152897052865,-0.004162233313935282,-0.07116887896392526,0.04321059369691287,0.1366421675915218,0.06906090307609207,0.18041040840709568,0.09905439867760213,0.04693387587810726,0.13696087095999468,0.05603117615028702,0.01903656073114213,0.09459556216958583,0.12406922688483896,0.053684793598401157,0.17224008823150153,-0.06470325952847594,-0.11074630244921752,-0.00953550344866095,-0.06692984682348307,-0.12341734807082616,0.004948625464317625
WRM,PTT,0.5,8,21,1136,80,0.558739838381893,0.5181080120231735,0.5884826469203835,0.6019017194482423,0.5610813286438052,0.6292661107499149,0.6715139148078815,0.6179490254630656,0.703406303414189,0.5253794485707695,0.4961204499816413,0.5595632343898893,0.606781613707669,0.5693630147185738,0.6303075105075215,0.6055433477638326,0.5688747421769906,0.6280536186719231,0.4644924083330549,0.4270603946519414,0.5079446468828797,0.6200363933195803,0.5647343309874656,0.652559602471818,0.612552839409064,0.5603709056297568,0.6440339895547265,0.5341166541596798,0.49270674003210846,0.5602576888903359,0.6809177639386251,0.6204639857130015,0.7143963867999549,0.6029673447561119,0.5507474419914964,0.6345763676831727,0.5022159102672801,0.4664907678057752,0.533818595179287,0.6422657338152991,0.5945801148336227,0.6715251661794798,0.6084583838958281,0.556149764727514,0.6393446152927916,0.5271468662581518,0.48270024928828753,0.5647448448136274,0.013254779611911238,-0.025413182410208814,0.041296563611890616,0.007009491645231458,-0.029240592240292032,0.036808053657818564,0.06962424582662491,0.004805574839021607,0.11330737583182228,0.0741361502309561,0.02967810280912946,0.10722543390999391,-0.002576003007720651,-0.040281581459782126,0.027350794177729565,0.03772350193422519,-0.02882761963339399,0.09152177305545663,0.035484120107630024,-0.0032026354666303877,0.06971275092715452,0.0029150361319955076,-0.034147076343682296,0.03201101056413391,0.06265445792509688,-0.010219048700401507,0.12388638521828434,-0.022229340495718786,-0.05396848751703061,0.005938067730748055,0.004094455513235951,-0.005531045119250638,0.014299443018716447,0.006969787901528024,-0.04385164394488214,0.04811896083573932,0.010651119960821687,-0.026328758001075005,0.04040306930185032,0.04316188106634933,0.004174960631556263,0.08112432307835064,-0.03336038981112355,-0.07283434825451103,0.02472391692575
WRM,RTT,0.05,2,30,2129,6,0.7203250117757889,0.5209591139151197,0.9062969135126692,0.6746349505416863,0.5573956046368667,0.8258622143196372,0.6774807662113361,0.47204152980636965,0.8532199892851596,0.6925930287329252,0.5789195533118134,0.8089233169804546,0.7989284032030146,0.6119685018369996,0.921875169457596,0.8303501334589418,0.6514139473550529,0.9256218838975324,0.8071714554875176,0.6331458465029489,0.9339825887406845,0.8243444810802324,0.6436221941599235,0.9215905671225675,0.8230491442926676,0.6426527201168276,0.9192121276895251,0.7296082587533366,0.5596226038775408,0.8709425886310059,0.5949717381064531,0.46672831864650044,0.7775804793275682,0.6664900298319987,0.501636058991417,0.8155816560219659,0.6135774846914743,0.48698127487837245,0.7959618507730867,0.6081409954466949,0.4543344584659103,0.6997037283637544,0.7064099544669493,0.6479853226994059,0.8397842196197225,0.5994465379180405,0.4717771969190243,0.7220488167629656,0.02541607787721778,-0.02214454937433665,0.11238918105169297,-0.007300989166274197,-0.013086681478120787,-0.002823529661876745,-0.077563196734181,-0.2825268834784059,0.08055955336842521,-0.20395666509656152,-0.379790941036616,0.05933989928846143,-0.16386010362694314,-0.29644850574270865,0.07505886462075832,-0.19359397079604324,-0.44456375584602836,0.12858927009854965,-0.19078740775631975,-0.24755254795425716,-0.06571630090330076,-0.1239401789919925,-0.25703197262056293,0.16390414836585018,-0.20772491756947709,-0.40891332002322195,-0.010269076603586834,0.21620348563353753,0.06830146934994073,0.3371635159501947,0.1166391898257183,-0.16895157503971933,0.2491685323289043,0.1301617208352961,0.021755684112726787,0.22338841184586575,0.1484141937509813,-0.1577806102253408,0.33563150180632323,-0.045690061234102575,-0.237367356019538,0.22495512029597492,-0.027731983042863728,-0.2609377722368683,0.22469375259271535
WRM,RTT,0.5,8,30,2129,47,0.7612181856764222,0.680171599607029,0.8180448803732058,0.6745786725585331,0.5935718316925572,0.7292953934825401,0.6668798602519178,0.5810038763012946,0.7193947645950652,0.541621778141487,0.483432417154106,0.5874740077191632,0.7047076449652785,0.6334861954588041,0.7503800314417234,0.7304284923571807,0.6586021904026796,0.7760731550522404,0.7837254896977626,0.709997626222582,0.8315205754827111,0.7368410161436187,0.6646954353139031,0.7829230951362346,0.7281978209368757,0.6538412071505627,0.7714692302093672,0.767923663019845,0.6999140478545866,0.8111889470415482,0.6728447253209415,0.5882119024732916,0.7350106115397131,0.7261274641124832,0.6551420769163414,0.771943120688942,0.6083831111640097,0.552810413705461,0.6550553957213042,0.6615773232230688,0.5793624575513245,0.721765152386012,0.6713249422068943,0.5982320674386937,0.7224543360181108,0.6273367898187362,0.5702502674550829,0.6748256373842456,0.03213337117834025,-0.0001316222928287034,0.07337592233200671,-0.002230671420304975,-0.012975262342088224,0.005606318097838111,-0.01580182667791752,-0.045072885049890175,0.024380909958090276,-0.03186291964433696,-0.1213493749266505,0.06464776262990585,-0.004301028244697469,-0.020645739446803413,0.014680804068996757,-0.1753423785337529,-0.2610107740878825,-0.07675342307078464,-0.043130321742209654,-0.12971049059437328,0.04989868347941393,-0.059103550150286344,-0.1414469091488334,0.029132526395417378,-0.15638869987902637,-0.24330862719946345,-0.052592831881457046,0.07526369292054991,-0.027153650598225706,0.17257208164985155,0.05687287872998137,-0.03309318684721814,0.13834310458427843,0.14058687320110885,0.04704301061598796,0.2242155877507993,0.053619148378342585,-0.01744586438784984,0.1349819170527129,-0.08663951311788909,-0.15442763111262045,-0.030878967406908035,-0.21959640753493515,-0.30869597349857036,-0.11996935074276906
